name,location,main_cuisine,rate,votes,approx_cost(for two people),rest_type
Kabab Magic,Basavanagudi,Indian,4.1,1720,400.0,Quick Bites
Namma Brahmin's Idli,Jayanagar,Indian,3.6,34,100.0,Quick Bites
Sri Guru Kottureshwara Davangere Benne Dosa,Basavanagudi,Indian,4.1,558,150.0,Quick Bites
Vijayalakshmi,Basavanagudi,Indian,3.9,47,200.0,Quick Bites
Wahab,Jayanagar,Indian,3.7,97,350.0,Quick Bites
HOT COFFEE,Basavanagudi,Indian,4.1,70,150.0,Quick Bites
By 2 Coffee,Basavanagudi,Indian,3.9,25,100.0,Quick Bites
Kedia's Fun Food,Jayanagar,Indian,4.3,630,200.0,Quick Bites
Mulabagilu Dosa,Basavanagudi,Indian,3.6,11,100.0,Quick Bites
Tiwari's,Jayanagar,Indian,3.8,70,200.0,Quick Bites
Kollapuri's,Basavanagudi,Indian,3.9,206,450.0,Quick Bites
Kholi Mane,Basavanagudi,Indian,3.6,46,450.0,Quick Bites
Sri Udupi Veg,Jayanagar,Indian,3.3,4,250.0,Quick Bites
Hatti Kaapi,Jayanagar,Indian,4.0,89,200.0,Quick Bites
Anda Ka Funda,Jayanagar,Indian,3.4,89,250.0,Quick Bites
South Kitchen,Basavanagudi,Indian,4.3,275,100.0,Quick Bites
Millet Mama,Basavanagudi,Indian,3.9,18,200.0,Quick Bites
Kamat Bugle Rock,Basavanagudi,Indian,3.9,543,300.0,Quick Bites
Puliyogare Point,Basavanagudi,Indian,4.2,444,100.0,Quick Bites
Bangalore Agarwal Bhavan,Jayanagar,Indian,3.9,134,400.0,Quick Bites
Just Thindi,Basavanagudi,Indian,3.6,16,200.0,Quick Bites
Kaapi Kendra,Jayanagar,Indian,3.7,14,100.0,Quick Bites
The Krishna Grand Xpress,Jayanagar,Indian,4.0,136,350.0,Quick Bites
Sri Krishna Darshini,Basavanagudi,Indian,3.1,4,200.0,Quick Bites
Shringar Sweets & Snacks,Basavanagudi,Indian,3.5,11,200.0,"Sweet Shop, Quick Bites"
Udupi Grand,Basavanagudi,Indian,3.8,74,300.0,Quick Bites
Ganesh Grand,Basavanagudi,Indian,3.7,30,300.0,Quick Bites
Shreyas Upahar & Burger Point,Basavanagudi,Indian,3.0,7,200.0,Quick Bites
Lalbagh Grand,Basavanagudi,Indian,3.0,22,250.0,Quick Bites
Eat Repeat,Basavanagudi,Indian,3.9,101,150.0,Quick Bites
Dakshin Kitchen,Basavanagudi,Indian,3.6,15,100.0,Quick Bites
Sri Sai Cafe,Basavanagudi,Indian,3.5,10,200.0,Quick Bites
Swarga Ruchi,Basavanagudi,Indian,3.3,10,200.0,Quick Bites
Food Springs,Jayanagar,Indian,4.0,232,400.0,Quick Bites
Maiyas,Jayanagar,Indian,4.0,1778,200.0,Quick Bites
Upahara Darshini,Jayanagar,Indian,3.8,339,400.0,Quick Bites
Juice Junction Food Court,Basavanagudi,Indian,3.7,57,200.0,Quick Bites
Kaulige Millet Corner,Basavanagudi,Indian,3.3,4,150.0,Quick Bites
Starlite Bakery & Fastfood,Jayanagar,Indian,3.7,0,300.0,Quick Bites
Biriyani Mane,Jayanagar,Indian,3.8,130,400.0,Quick Bites
Sri Venkateshwara Sweet Meat Stall,Basavanagudi,Indian,4.0,98,400.0,"Sweet Shop, Quick Bites"
Ranganna Military Hotel,Jayanagar,Indian,4.2,725,350.0,Quick Bites
Vidyarthi Bhavan,Basavanagudi,Indian,4.4,4460,150.0,Quick Bites
Eat Repeat,Basavanagudi,Indian,3.9,101,150.0,Quick Bites
Sri Guru Kottureshwara Davangere Benne Dosa,Basavanagudi,Indian,4.1,558,150.0,Quick Bites
Kollapuri's,Basavanagudi,Indian,3.9,206,450.0,Quick Bites
Bhavani Restaurant,Basavanagudi,Indian,3.9,100,300.0,Quick Bites
Puliyogare Point,Basavanagudi,Indian,4.2,444,100.0,Quick Bites
Hotel Dwarka,Basavanagudi,Indian,4.2,253,250.0,Quick Bites
Nisarga Garden Restaurant,Basavanagudi,Indian,3.4,51,350.0,Quick Bites
Udupi Sri Krishna Bhavan,Basavanagudi,Indian,4.1,238,600.0,Quick Bites
Vijayalakshmi,Basavanagudi,Indian,3.9,47,200.0,Quick Bites
Ice Thunder,Basavanagudi,Indian,3.8,124,300.0,Quick Bites
South Kitchen,Basavanagudi,Indian,4.3,275,100.0,Quick Bites
Upahara Darshini,Basavanagudi,Indian,4.2,254,150.0,Quick Bites
Mahalaxmi Tiffin Room,Basavanagudi,Indian,4.1,177,100.0,Quick Bites
Starlite Bakery & Fastfood,Jayanagar,Indian,3.7,23,300.0,Quick Bites
Udupi Grand,Basavanagudi,Indian,3.8,74,300.0,Quick Bites
Kamat Bugle Rock,Basavanagudi,Indian,3.9,543,300.0,Quick Bites
Basavanagudi Mylari,Basavanagudi,Indian,4.0,52,300.0,Quick Bites
Shrinidhi Military Hotel,Basavanagudi,Indian,3.3,6,300.0,Quick Bites
Dakshin Kitchen,Basavanagudi,Indian,3.6,15,100.0,Quick Bites
Vybhava,Jayanagar,Indian,3.8,39,250.0,Quick Bites
Shree Venkateshwara North Karnataka Hotel,Basavanagudi,Indian,4.0,64,200.0,Quick Bites
Sangam Military Hotel,Jayanagar,Indian,3.2,14,250.0,Quick Bites
Kholi Mane,Basavanagudi,Indian,3.6,46,450.0,Quick Bites
Sri Udupi Veg,Jayanagar,Indian,3.3,4,250.0,Quick Bites
50-50 EATING HOUSE,Basavanagudi,Indian,3.2,4,100.0,Quick Bites
Juice Junction Food Court,Basavanagudi,Indian,3.7,57,200.0,Quick Bites
Kabab Magic,Jayanagar,Indian,4.0,952,400.0,Quick Bites
Kabab Mehal,JP Nagar,Indian,3.7,65,400.0,Quick Bites
Adithya,JP Nagar,Indian,4.0,332,300.0,Quick Bites
Nati Palace,JP Nagar,Indian,3.5,11,200.0,Quick Bites
Jaganath Hotel and Restaurant,JP Nagar,Indian,3.6,35,200.0,Quick Bites
Prasiddhi Food Corner,JP Nagar,Indian,3.7,170,200.0,Quick Bites
Punjabi Food Corner,JP Nagar,Indian,3.0,353,400.0,Quick Bites
Amritsari Kulcha Land,JP Nagar,Indian,4.1,260,300.0,Quick Bites
Grills & Rolls,JP Nagar,Indian,2.5,321,400.0,Quick Bites
Akshaya Donne Biriyani,JP Nagar,Indian,3.1,38,300.0,Quick Bites
B.M.W Bhookh Mitaane Wala,JP Nagar,Indian,3.5,8,500.0,Quick Bites
Dosa Bazaar,JP Nagar,Indian,4.0,112,200.0,Quick Bites
Gowdru Mane Oota,JP Nagar,Indian,3.7,80,400.0,Quick Bites
Banashankari Nati Style,JP Nagar,Indian,3.6,8,300.0,Quick Bites
Upahara Darshini,Jayanagar,Indian,4.0,167,400.0,Quick Bites
New Udupi Grand,JP Nagar,Indian,3.5,47,300.0,Quick Bites
Paratha Plaza,JP Nagar,Indian,3.8,171,250.0,Quick Bites
Namma Kudla,JP Nagar,Indian,3.9,200,400.0,Quick Bites
The Foodyz,JP Nagar,Indian,3.7,42,500.0,Quick Bites
Dakshin Cafe,JP Nagar,Indian,4.1,140,100.0,Quick Bites
Tiwari's Ghee Paratha and Chats,JP Nagar,Indian,3.2,6,200.0,Quick Bites
Melting Pot at Woodrose,JP Nagar,Indian,3.7,19,800.0,Quick Bites
Halli Mane MUDDE OOTA,JP Nagar,Indian,3.5,14,300.0,Quick Bites
Nandhanus Rasoi,Jayanagar,Indian,3.4,9,200.0,Quick Bites
Sri Rajasthani Foods,JP Nagar,Indian,3.6,8,200.0,Quick Bites
Udupi Upachar,JP Nagar,Indian,3.3,12,300.0,Quick Bites
Vinaya Cafe,JP Nagar,Indian,3.7,55,200.0,Quick Bites
New Mogul Empire,JP Nagar,Indian,3.4,5,300.0,Quick Bites
Atithi Biryani Corner,JP Nagar,Indian,3.3,4,200.0,Quick Bites
Mirch Masala,JP Nagar,Indian,3.4,6,500.0,Quick Bites
Bengalooru Tiffany's,JP Nagar,Indian,3.0,38,400.0,Quick Bites
Kulkarni's New Uttara Karnataka Food Speciality Stores,JP Nagar,Indian,3.4,6,250.0,Quick Bites
Chaitanya Cafe,JP Nagar,Indian,3.9,92,300.0,Quick Bites
Pappu Da Dhaba,Jayanagar,Indian,3.0,57,400.0,Quick Bites
Roll N Rock,JP Nagar,Indian,3.7,33,400.0,Quick Bites
Dal Roti,JP Nagar,Indian,3.7,117,150.0,Quick Bites
Special Biriyani,JP Nagar,Indian,2.9,4,300.0,Quick Bites
The Tucck Box,JP Nagar,Indian,3.4,7,300.0,Quick Bites
Waah Biryani,JP Nagar,Indian,3.8,115,350.0,Quick Bites
Ningi Family Restaurant,JP Nagar,Indian,3.5,10,400.0,Quick Bites
Sree Krishna Kafe,JP Nagar,Indian,3.9,115,200.0,Quick Bites
Jaganath Restaurant And Hotel,JP Nagar,Indian,3.2,8,300.0,Quick Bites
Tandoori Spot,JP Nagar,Indian,3.5,13,500.0,Quick Bites
The Little Kitchen,JP Nagar,Indian,3.4,8,300.0,Quick Bites
Kesar Restaurant,JP Nagar,Indian,3.6,48,200.0,Quick Bites
Parkview,JP Nagar,Indian,4.0,129,300.0,Quick Bites
Waah Biryani,JP Nagar,Indian,3.8,115,350.0,Quick Bites
Kabab Mehal,JP Nagar,Indian,3.8,228,400.0,Quick Bites
White Horse,JP Nagar,Indian,3.8,177,400.0,Quick Bites
Jaganath Restaurant And Hotel,JP Nagar,Indian,3.2,8,300.0,Quick Bites
Grills & Rolls,JP Nagar,Indian,2.5,321,400.0,Quick Bites
Atithi Biryani Corner,JP Nagar,Indian,3.3,4,200.0,Quick Bites
Chaitanya Cafe,JP Nagar,Indian,3.9,92,300.0,Quick Bites
Udupi Upachar,JP Nagar,Indian,3.3,12,300.0,Quick Bites
Sree Krishna Kafe,JP Nagar,Indian,3.9,115,200.0,Quick Bites
Bengalooru Tiffany's,JP Nagar,Indian,3.0,38,400.0,Quick Bites
Gowdru Mane Oota,JP Nagar,Indian,3.7,80,400.0,Quick Bites
Melting Pot at Woodrose,JP Nagar,Indian,3.7,19,800.0,Quick Bites
Kesar Restaurant,JP Nagar,Indian,3.6,48,200.0,Quick Bites
Gopal Kabab Centre,JP Nagar,Indian,3.3,4,350.0,Quick Bites
Nandi Bidadi Thatte Idli,JP Nagar,Indian,2.9,33,100.0,Quick Bites
Gowdru Military Hotel,JP Nagar,Indian,3.2,5,300.0,Quick Bites
Akshaya Donne Biriyani,JP Nagar,Indian,3.1,38,300.0,Quick Bites
Tandoori Spot,JP Nagar,Indian,3.5,13,500.0,Quick Bites
Nati Palace,JP Nagar,Indian,3.5,11,200.0,Quick Bites
Banashankari Nati Style,JP Nagar,Indian,3.6,8,300.0,Quick Bites
Halli Mane MUDDE OOTA,JP Nagar,Indian,3.5,14,300.0,Quick Bites
36th Cross Coffee Mane,Jayanagar,Indian,3.6,16,200.0,Quick Bites
Bhukkhad Baba,JP Nagar,Indian,3.7,125,250.0,Quick Bites
Mysuru Coffee Thindi,Jayanagar,Indian,4.1,296,200.0,Quick Bites
Vijayalakshmi,Basavanagudi,Indian,3.9,47,200.0,Quick Bites
Kabab Magic,Basavanagudi,Indian,4.1,1720,400.0,Quick Bites
Paratha Junction,Jayanagar,Indian,3.2,395,300.0,Quick Bites
Adithya,JP Nagar,Indian,4.0,332,300.0,Quick Bites
Namma Brahmin's Idli,Jayanagar,Indian,3.6,34,100.0,Quick Bites
Puliyogare Point,Basavanagudi,Indian,4.2,444,100.0,Quick Bites
Kedia's Fun Food,Jayanagar,Indian,4.3,630,200.0,Quick Bites
Kabab Mehal,JP Nagar,Indian,3.7,65,400.0,Quick Bites
Prasiddhi Food Corner,JP Nagar,Indian,3.7,170,200.0,Quick Bites
Starlite Bakery & Fastfood,Jayanagar,Indian,3.7,23,300.0,Quick Bites
Wahab,Jayanagar,Indian,3.7,97,350.0,Quick Bites
Upahara Darshini,Jayanagar,Indian,4.0,166,400.0,Quick Bites
Bangalore Agarwal Bhavan,Jayanagar,Indian,3.9,134,400.0,Quick Bites
Just Thindi,Basavanagudi,Indian,3.6,16,200.0,Quick Bites
HOT COFFEE,Basavanagudi,Indian,4.1,70,150.0,Quick Bites
Sri Sai 99 Variety Dosa,Jayanagar,Indian,3.6,37,300.0,Quick Bites
Ishta Cafe,Jayanagar,Indian,3.9,40,500.0,Quick Bites
Sri Sai Cafe,Basavanagudi,Indian,3.5,10,200.0,Quick Bites
Vakulaa Veg Restaurant,Jayanagar,Indian,3.9,49,200.0,Quick Bites
Fanoos Xprss,Jayanagar,Indian,3.7,53,400.0,Quick Bites
Jayanagara Donne Biryani,Jayanagar,Indian,3.6,60,400.0,Quick Bites
Anda Ka Funda,Jayanagar,Indian,3.4,89,250.0,Quick Bites
Juice Junction Food Court,Basavanagudi,Indian,3.7,57,200.0,Quick Bites
Kaapi Kendra,Jayanagar,Indian,3.7,14,100.0,Quick Bites
Sri Rajasthani Foods,JP Nagar,Indian,3.5,9,200.0,Quick Bites
Lalbagh Grand,Basavanagudi,Indian,3.0,22,250.0,Quick Bites
Shreyas Upahar & Burger Point,Basavanagudi,Indian,3.0,7,200.0,Quick Bites
Sri Guru Kottureshwara Davangere Benne Dosa,Basavanagudi,Indian,4.1,558,150.0,Quick Bites
Shringar Sweets & Snacks,Basavanagudi,Indian,3.5,11,200.0,"Sweet Shop, Quick Bites"
Hatti Kaapi,Jayanagar,Indian,4.0,89,200.0,Quick Bites
Udupi Grand,Basavanagudi,Indian,3.8,74,300.0,Quick Bites
The Krishna Grand Xpress,Jayanagar,Indian,4.0,136,350.0,Quick Bites
Swarga Ruchi,Basavanagudi,Indian,3.3,10,200.0,Quick Bites
Nandhanus Rasoi,Jayanagar,Indian,3.4,9,200.0,Quick Bites
Pappu Da Dhaba,Jayanagar,Indian,3.0,57,400.0,Quick Bites
Nandhi Andhra Style Family Restaurant,Jayanagar,Indian,3.4,13,400.0,Quick Bites
New Udupi Upahar,Jayanagar,Indian,3.5,23,300.0,Quick Bites
Maiyas,Jayanagar,Indian,4.0,1778,200.0,Quick Bites
Navya Foods,HSR,Indian,3.4,7,300.0,Quick Bites
By 2 Coffee,Basavanagudi,Indian,4.3,316,100.0,Quick Bites
Kalpavriksha Upahara,Jayanagar,Indian,3.9,126,400.0,Quick Bites
Vinaya Cafe,Jayanagar,Indian,3.4,11,200.0,Quick Bites
Sri Krishna Darshini,Basavanagudi,Indian,3.1,4,200.0,Quick Bites
Tiwari's,Jayanagar,Indian,3.8,70,200.0,Quick Bites
Mulabagilu Dosa,Basavanagudi,Indian,3.6,11,100.0,Quick Bites
Sri Krishna Veg,Basavanagudi,Indian,3.5,4,100.0,Quick Bites
Eat Repeat,Basavanagudi,Indian,3.9,101,150.0,Quick Bites
Food Springs,Jayanagar,Indian,4.0,232,400.0,Quick Bites
Kamat Minerva,Basavanagudi,Indian,2.6,72,300.0,Quick Bites
Kollapuri's,Basavanagudi,Indian,3.9,206,450.0,Quick Bites
Davangere Benna Dose Hotel,Jayanagar,Indian,4.1,90,100.0,Quick Bites
New Banashankari Donne Biryani,Basavanagudi,Indian,3.5,12,300.0,Quick Bites
Millet Mama,Basavanagudi,Indian,3.9,18,200.0,Quick Bites
Kholi Mane,Basavanagudi,Indian,3.6,46,450.0,Quick Bites
Chamrajpet Kabab Junction,Basavanagudi,Indian,3.2,4,250.0,Quick Bites
Namma Kudla,JP Nagar,Indian,3.9,200,400.0,Quick Bites
Dal Roti,JP Nagar,Indian,3.7,117,150.0,Quick Bites
Kamat Bugle Rock,Basavanagudi,Indian,3.9,543,300.0,Quick Bites
B.M.W Bhookh Mitaane Wala,JP Nagar,Indian,3.5,8,500.0,Quick Bites
Dakshin Kitchen,Basavanagudi,Indian,3.6,15,100.0,Quick Bites
South Kitchen,Basavanagudi,Indian,4.3,275,100.0,Quick Bites
Siddique Kabab Centre,Jayanagar,Indian,3.1,68,550.0,Quick Bites
Upahara Sagar,Jayanagar,Indian,3.0,25,300.0,Quick Bites
Ganesh Grand,Basavanagudi,Indian,3.7,30,300.0,Quick Bites
Chef Master,Jayanagar,Indian,3.8,75,300.0,Quick Bites
Adithya,Jayanagar,Indian,3.2,9,400.0,Quick Bites
Mane Holige,Jayanagar,Indian,4.3,141,200.0,"Sweet Shop, Quick Bites"
Trendz Corner,Jayanagar,Indian,3.6,31,200.0,Quick Bites
Fishland Deluxe,Jayanagar,Indian,3.5,9,500.0,Quick Bites
Sri Udupi Veg,Jayanagar,Indian,3.3,4,250.0,Quick Bites
Kolkata Restaurant,Jayanagar,Indian,3.0,7,300.0,Quick Bites
Kaulige Millet Corner,Basavanagudi,Indian,3.3,4,150.0,Quick Bites
Petoo,Jayanagar,Indian,3.9,20,800.0,Quick Bites
Sri Venkateshwara Sweet Meat Stall,Basavanagudi,Indian,4.0,98,400.0,"Sweet Shop, Quick Bites"
Shringar Sweets & Snacks,Basavanagudi,Indian,3.5,11,200.0,"Sweet Shop, Quick Bites"
Mane Holige,Jayanagar,Indian,4.3,141,200.0,"Sweet Shop, Quick Bites"
Maiyas,Jayanagar,Indian,4.0,1778,200.0,Quick Bites
Kollapuri's,Basavanagudi,Indian,3.9,206,450.0,Quick Bites
Nisarga Garden Restaurant,Basavanagudi,Indian,3.4,51,350.0,Quick Bites
Shringar Sweets & Snacks,Basavanagudi,Indian,3.5,11,200.0,"Sweet Shop, Quick Bites"
Mavalli Tiffin Room (MTR),Basavanagudi,Indian,4.5,2896,250.0,Quick Bites
Vidyarthi Bhavan,Basavanagudi,Indian,4.4,4460,150.0,Quick Bites
Brahmin's Coffee Bar,Basavanagudi,Indian,4.8,2679,100.0,Quick Bites
Eat Repeat,Basavanagudi,Indian,3.9,101,150.0,Quick Bites
Kabab Magic,Basavanagudi,Indian,4.1,1720,400.0,Quick Bites
Sri Guru Kottureshwara Davangere Benne Dosa,Basavanagudi,Indian,4.1,558,150.0,Quick Bites
Bhavani Restaurant,Basavanagudi,Indian,3.9,100,300.0,Quick Bites
Hotel Dwarka,Basavanagudi,Indian,4.2,253,250.0,Quick Bites
Vijayalakshmi,Basavanagudi,Indian,3.9,47,200.0,Quick Bites
Puliyogare Point,Basavanagudi,Indian,4.2,444,100.0,Quick Bites
South Kitchen,Basavanagudi,Indian,4.3,275,100.0,Quick Bites
Udupi Sri Krishna Bhavan,Basavanagudi,Indian,4.1,238,600.0,Quick Bites
Udupi Grand,Basavanagudi,Indian,3.8,74,300.0,Quick Bites
Ice Thunder,Basavanagudi,Indian,3.8,124,300.0,Quick Bites
Millet Mama,Basavanagudi,Indian,3.9,18,200.0,Quick Bites
Upahara Darshini,Basavanagudi,Indian,4.2,257,150.0,Quick Bites
By 2 Coffee,Basavanagudi,Indian,3.7,28,100.0,Quick Bites
Kamat Bugle Rock,Basavanagudi,Indian,3.9,549,300.0,Quick Bites
Mahalaxmi Tiffin Room,Basavanagudi,Indian,4.1,181,100.0,Quick Bites
Lalbagh Grand,Basavanagudi,Indian,3.1,23,250.0,Quick Bites
Kaulige Millet Corner,Basavanagudi,Indian,3.3,4,150.0,Quick Bites
Ganesh Grand,Basavanagudi,Indian,3.7,32,300.0,Quick Bites
Kadala Tarangaa,Basavanagudi,Indian,3.7,50,300.0,Quick Bites
Basavanagudi Mylari,Basavanagudi,Indian,4.0,53,300.0,Quick Bites
Mulabagilu Dosa,Basavanagudi,Indian,3.6,13,100.0,Quick Bites
New Modern Hotel,Basavanagudi,Indian,4.2,280,150.0,Quick Bites
Sri Krishna Veg,Basavanagudi,Indian,3.5,4,100.0,Quick Bites
Shrinidhi Military Hotel,Basavanagudi,Indian,3.3,8,300.0,Quick Bites
New Udupi Anand Bhavan,Basavanagudi,Indian,3.5,5,150.0,Quick Bites
Hotel Janatha,Basavanagudi,Indian,4.1,52,150.0,Quick Bites
Dakshin Kitchen,Basavanagudi,Indian,3.6,16,100.0,Quick Bites
New Shanthi Sagar,Basavanagudi,Indian,2.7,51,600.0,Quick Bites
Shree Venkateshwara North Karnataka Hotel,Basavanagudi,Indian,4.0,65,200.0,Quick Bites
Faasos,Jayanagar,Indian,3.4,6,500.0,Quick Bites
Shreyas Upahar & Burger Point,Basavanagudi,Indian,3.2,10,200.0,Quick Bites
Sri Krishna Darshini,Basavanagudi,Indian,3.1,4,200.0,Quick Bites
Kamat Minerva,Basavanagudi,Indian,2.6,72,300.0,Quick Bites
Juice Junction Food Court,Basavanagudi,Indian,3.8,57,200.0,Quick Bites
Kesar Rajasthani Parotha Point,Basavanagudi,Indian,3.9,34,200.0,Quick Bites
Kholi Mane,Basavanagudi,Indian,3.6,46,450.0,Quick Bites
Inchara Restaurant,Basavanagudi,Indian,3.3,4,300.0,Quick Bites
Sri Idli Mane,Basavanagudi,Indian,3.7,16,150.0,Quick Bites
Chamarajpet Non Veg Restaurant,Basavanagudi,Indian,3.6,13,200.0,Quick Bites
Sri Vasavi Mane Thindi,Basavanagudi,Indian,2.9,16,150.0,Quick Bites
New Banashankari Donne Biryani,Basavanagudi,Indian,3.5,13,300.0,Quick Bites
Uphara Kendra,Basavanagudi,Indian,3.6,34,100.0,Quick Bites
Hotel Girish,Basavanagudi,Indian,3.2,9,300.0,Quick Bites
Gowdru Military Hotel,Basavanagudi,Indian,3.3,6,150.0,Quick Bites
50-50 EATING HOUSE,Basavanagudi,Indian,3.2,4,100.0,Quick Bites
Chamrajpet Kabab Junction,Basavanagudi,Indian,3.2,4,250.0,Quick Bites
Swarga Ruchi,Basavanagudi,Indian,3.3,12,200.0,Quick Bites
Rajastani Rasoi,Basavanagudi,Indian,3.2,6,100.0,Quick Bites
Ranganna Military Hotel,Jayanagar,Indian,4.2,760,350.0,Quick Bites
Maiyas,Jayanagar,Indian,4.0,1778,200.0,Quick Bites
The Krishna Grand Xpress,Jayanagar,Indian,4.0,136,350.0,Quick Bites
Empark Inn Restaurant,Jayanagar,Indian,3.7,38,350.0,Quick Bites
Bengaluru Cafe,Jayanagar,Indian,4.4,134,150.0,Quick Bites
Vakulaa Veg Restaurant,Jayanagar,Indian,3.9,49,200.0,Quick Bites
Brahmin Tiffins & Coffee,Jayanagar,Indian,4.2,421,100.0,Quick Bites
Upahara Darshini,Jayanagar,Indian,3.8,339,400.0,Quick Bites
Food Springs,Jayanagar,Indian,4.0,232,400.0,Quick Bites
Uphar Dharshni,Jayanagar,Indian,3.6,15,150.0,Quick Bites
Petoo,Jayanagar,Indian,3.9,20,800.0,Quick Bites
Fanoos Xprss,Jayanagar,Indian,3.7,53,400.0,Quick Bites
Starlite Bakery & Fastfood,Jayanagar,Indian,3.7,23,300.0,Quick Bites
Iyengar's Inn,Jayanagar,Indian,4.1,52,100.0,Quick Bites
Kaapi Kendra,Jayanagar,Indian,3.7,14,100.0,Quick Bites
Bangalore Agarwal Bhavan,Jayanagar,Indian,3.9,134,400.0,Quick Bites
Vasudev Adiga's,Jayanagar,Indian,3.8,265,250.0,Quick Bites
Trendz Corner,Jayanagar,Indian,3.6,31,200.0,Quick Bites
Fishland Deluxe,Jayanagar,Indian,3.5,9,500.0,Quick Bites
36th Cross Coffee Mane,Jayanagar,Indian,3.6,16,200.0,Quick Bites
Nandhi Andhra Style Family Restaurant,Jayanagar,Indian,3.4,13,400.0,Quick Bites
Adiga's,Jayanagar,Indian,3.3,55,150.0,Quick Bites
Vybhava,Jayanagar,Indian,3.8,39,250.0,Quick Bites
Wahab,Jayanagar,Indian,3.7,97,350.0,Quick Bites
Pavithra Restaurant,Jayanagar,Indian,3.4,133,300.0,Quick Bites
Anda Ka Funda,Jayanagar,Indian,3.4,89,250.0,Quick Bites
Sangam Military Hotel,Jayanagar,Indian,3.2,14,250.0,Quick Bites
Adithya,Jayanagar,Indian,3.7,28,300.0,Quick Bites
Shree Balaji Paratha House,Jayanagar,Indian,3.0,17,200.0,Quick Bites
Saarangi Express,Jayanagar,Indian,3.4,6,250.0,Quick Bites
Sri Udupi Veg,Jayanagar,Indian,3.3,4,250.0,Quick Bites
Adithya Veg,Jayanagar,Indian,3.3,10,300.0,Quick Bites
Kolkata Restaurant,Jayanagar,Indian,3.0,7,300.0,Quick Bites
New Punjabi Dhaba,HSR,Indian,3.9,782,300.0,Quick Bites
Fun Kitchen,HSR,Indian,3.8,87,400.0,Quick Bites
Bihar Ki Shan,HSR,Indian,3.9,343,300.0,Quick Bites
Mandya Gowdru Donne Biriyani,HSR,Indian,3.8,281,350.0,Quick Bites
Indori Zaika,HSR,Indian,2.8,105,300.0,Quick Bites
Sri Krishna Sagar,HSR,Indian,3.5,234,400.0,Quick Bites
Petoo,HSR,Indian,4.1,103,800.0,Quick Bites
Kabab Magic,HSR,Indian,3.1,281,400.0,Quick Bites
Juice Junction Food Court,HSR,Indian,3.8,210,200.0,Quick Bites
Charcoal Eats,HSR,Indian,4.0,55,500.0,Quick Bites
Homifoo,HSR,Indian,3.5,11,300.0,Quick Bites
Mak n Vak - Fyn,HSR,Indian,3.9,337,500.0,Quick Bites
Hotel Tanish,HSR,Indian,3.6,13,250.0,Quick Bites
Second Wife Cafe,HSR,Indian,3.8,60,400.0,Quick Bites
Night Diaries,Whitefield,Indian,3.1,16,300.0,Quick Bites
Cafe Talkhouse,HSR,Indian,3.8,23,400.0,Quick Bites
Foodzoo,HSR,Indian,3.7,122,300.0,Quick Bites
Kakatiya's,HSR,Indian,3.1,6,250.0,Quick Bites
Kamat Minerva,Basavanagudi,Indian,2.6,72,300.0,Quick Bites
Halli Mane,Majestic,Indian,3.2,5,300.0,Quick Bites
Rishitha Restaurant,Whitefield,Indian,3.8,57,500.0,Quick Bites
KA53,Whitefield,Indian,3.7,22,300.0,Quick Bites
Roti Ghar Ki,Whitefield,Indian,4.0,107,400.0,Quick Bites
Indian Aroma Cafe,Whitefield,Indian,2.8,83,300.0,Quick Bites
Dehati Murgee,Whitefield,Indian,4.0,151,600.0,Quick Bites
Kitchen Rabbit,Whitefield,Indian,3.6,18,500.0,Quick Bites
The Combo House,Whitefield,Indian,3.3,7,500.0,Quick Bites
The Early bell,Whitefield,Indian,3.9,191,300.0,Quick Bites
Shan-e-Punjabi Express,Whitefield,Indian,3.1,71,400.0,Quick Bites
Foodies Delight,Whitefield,Indian,3.8,178,400.0,Quick Bites
U.P. Dhaba,Whitefield,Indian,2.8,511,350.0,Quick Bites
Windy- Taste Of Home,Whitefield,Indian,3.6,109,300.0,Quick Bites
Shyam's Lunch Box,Whitefield,Indian,3.2,9,300.0,Quick Bites
New Paratha Corner,Whitefield,Indian,3.9,175,350.0,Quick Bites
Punjabi Kitchen,Whitefield,Indian,3.6,202,400.0,Quick Bites
Kshatriya's Kitchen,Whitefield,Indian,3.7,54,300.0,Quick Bites
Taste Of India Family Restaurant,Whitefield,Indian,3.4,226,400.0,Quick Bites
RoadHouse Grill,Whitefield,Indian,3.8,99,450.0,Quick Bites
nu.tree,Whitefield,Indian,4.3,170,400.0,"Quick Bites, Beverage Shop"
New Punjabi Tasty Khana,Whitefield,Indian,3.0,177,400.0,Quick Bites
Vegtaurant,Whitefield,Indian,3.7,88,300.0,Quick Bites
Kabab Mirchi,Whitefield,Indian,3.4,46,350.0,Quick Bites
Nawabi Handi,Whitefield,Indian,3.4,23,350.0,Quick Bites
Nawab-E-Khana,Whitefield,Indian,3.1,6,500.0,Quick Bites
Delhiciouss,Whitefield,Indian,3.7,24,300.0,Quick Bites
New Udupi Delicacy,Whitefield,Indian,3.9,84,250.0,Quick Bites
Basmati Restaurant,Whitefield,Indian,3.1,20,350.0,Quick Bites
Rafoo Chakkar,Whitefield,Indian,3.9,385,300.0,Quick Bites
Zeee's,Whitefield,Indian,3.7,34,300.0,Quick Bites
Mangalore Lunch Home,Whitefield,Indian,3.4,8,300.0,Quick Bites
Desi Doze,Whitefield,Indian,3.8,147,400.0,Quick Bites
Hunger Stop,Whitefield,Indian,3.7,100,300.0,Quick Bites
Kidilum,Whitefield,Indian,3.8,207,350.0,Quick Bites
Pot Biryani,Whitefield,Indian,3.1,111,600.0,Quick Bites
Tandooriwala,Whitefield,Indian,2.7,24,700.0,"Food Court, Quick Bites"
Apna Hotel,Whitefield,Indian,3.5,26,300.0,Quick Bites
JLT Food,Whitefield,Indian,3.6,23,450.0,Quick Bites
The IT Crowd,Whitefield,Indian,2.8,20,400.0,Quick Bites
NYS Kitchen,Whitefield,Indian,3.7,25,500.0,Quick Bites
Nandi Mess - Feel Like Mom's,Whitefield,Indian,3.6,30,250.0,Quick Bites
Mithai Time,Whitefield,Indian,3.0,56,200.0,"Sweet Shop, Quick Bites"
We Foodie,Whitefield,Indian,2.6,21,300.0,Quick Bites
Yumatos,Whitefield,Indian,3.3,7,500.0,Quick Bites
Friendz Zone,Whitefield,Indian,3.6,39,400.0,Quick Bites
Sree Krishna Kafe,Whitefield,Indian,3.7,55,200.0,Quick Bites
Kaka Food Corner,Whitefield,Indian,3.4,86,300.0,Quick Bites
Hoodi Baba A Str-eat Caff,Whitefield,Indian,3.7,38,300.0,Quick Bites
Best In Klass,Whitefield,Indian,3.2,47,200.0,Quick Bites
Delhi Restaurant,Whitefield,Indian,3.6,194,350.0,Quick Bites
BHR Foods,Whitefield,Indian,3.4,7,350.0,Quick Bites
Mother's Food,Whitefield,Indian,3.9,62,200.0,Quick Bites
Fusion Panda,Whitefield,Indian,3.5,10,300.0,"Casual Dining, Quick Bites"
Maa Durga Restaurant,Whitefield,Indian,3.2,4,300.0,Quick Bites
Kidilum,Whitefield,Indian,3.8,207,350.0,Quick Bites
JLT Food,Whitefield,Indian,3.6,23,450.0,Quick Bites
New Punjabi Tasty Khana,Whitefield,Indian,3.0,177,400.0,Quick Bites
Chaat Junction,Whitefield,Indian,3.6,12,200.0,Quick Bites
The Early bell,Whitefield,Indian,3.9,191,300.0,Quick Bites
Mangalore Lunch Home,Whitefield,Indian,3.4,8,300.0,Quick Bites
Delhi Walle,Whitefield,Indian,3.7,116,300.0,Quick Bites
Pot Biryani,Whitefield,Indian,3.1,111,600.0,Quick Bites
Kabab Mirchi,Whitefield,Indian,3.4,46,350.0,Quick Bites
Mayura Vybhava,Whitefield,Indian,3.2,11,250.0,Quick Bites
New Udupi Delicacy,Whitefield,Indian,3.7,70,300.0,Quick Bites
Kaka Food Corner,Whitefield,Indian,3.4,86,300.0,Quick Bites
Friendz Zone,Whitefield,Indian,3.6,39,400.0,Quick Bites
Best In Klass,Whitefield,Indian,3.2,47,200.0,Quick Bites
Basaveshwara Kanawali,Whitefield,Indian,3.5,13,250.0,Quick Bites
Covai Cafe,Whitefield,Indian,3.6,17,200.0,Quick Bites
U.P. Dhaba,Whitefield,Indian,2.8,511,350.0,Quick Bites
Desi Doze,Whitefield,Indian,3.8,147,400.0,Quick Bites
Yumatos,Whitefield,Indian,3.3,7,500.0,Quick Bites
Maa Durga Restaurant,Whitefield,Indian,3.2,4,300.0,Quick Bites
Nawabi Handi,Whitefield,Indian,3.4,23,350.0,Quick Bites
Nawab-E-Khana,Whitefield,Indian,3.1,6,500.0,Quick Bites
Delhiciouss,Whitefield,Indian,3.7,24,300.0,Quick Bites
Udupi Grand,Whitefield,Indian,2.9,199,450.0,Quick Bites
NYS Kitchen,Whitefield,Indian,3.7,25,500.0,Quick Bites
The Combo House,Whitefield,Indian,3.3,7,500.0,Quick Bites
Indian Aroma Cafe,Whitefield,Indian,2.8,83,300.0,Quick Bites
Hotel Manu,HSR,Indian,3.9,340,400.0,Quick Bites
Shiv Shakthi,HSR,Indian,4.0,175,100.0,Quick Bites
Nandhanam Restaurant,HSR,Indian,3.7,7,300.0,Quick Bites
Mysuru Coffee Thindi,Jayanagar,Indian,4.1,301,200.0,Quick Bites
Adithya,JP Nagar,Indian,4.0,334,300.0,Quick Bites
Shree Muthahalli Veg,HSR,Indian,4.1,840,300.0,Quick Bites
Madeena Hotel,HSR,Indian,3.9,236,400.0,Quick Bites
Mumbai Tiffin,HSR,Indian,4.4,1286,400.0,Quick Bites
Hotel Salam,HSR,Indian,4.1,127,400.0,Quick Bites
Jaganath Hotel and Restaurant,JP Nagar,Indian,3.6,35,200.0,Quick Bites
Vijayalakshmi Veg,Jayanagar,Indian,3.9,97,200.0,Quick Bites
Donne Biriyani House,HSR,Indian,3.2,72,400.0,Quick Bites
New Udupi Grand,HSR,Indian,3.6,36,250.0,Quick Bites
Amritsari Kulcha Land,JP Nagar,Indian,4.0,260,300.0,Quick Bites
Upahara Darshini,Jayanagar,Indian,4.0,166,400.0,Quick Bites
Sri Sai 99 Variety Dosa,Jayanagar,Indian,3.6,37,300.0,Quick Bites
Cafe Madhura,HSR,Indian,3.8,59,200.0,Quick Bites
The Rasaganga,HSR,Indian,3.9,163,300.0,Quick Bites
Desi Chopstick,HSR,Indian,3.8,37,400.0,Quick Bites
Vakulaa Veg Restaurant,Jayanagar,Indian,3.9,50,200.0,Quick Bites
The Mylapore Cafe,HSR,Indian,4.1,119,200.0,Quick Bites
New Punjabi Pure Veg Restaurant,HSR,Indian,3.5,10,300.0,Quick Bites
Mirch,HSR,Indian,3.7,94,400.0,Quick Bites
South Tiffins,HSR,Indian,3.6,144,150.0,Quick Bites
Davanagere Benne Dose,HSR,Indian,3.9,106,150.0,Quick Bites
Sri Rajasthani Foods,JP Nagar,Indian,3.6,10,200.0,Quick Bites
Bangalore Cafe,HSR,Indian,3.7,197,400.0,Quick Bites
Jayanagara Donne Biryani,Jayanagar,Indian,3.6,60,400.0,Quick Bites
HSR SLV Fast Food,HSR,Indian,3.7,33,200.0,Quick Bites
Southinn,HSR,Indian,3.8,190,250.0,Quick Bites
The little Kitchen,JP Nagar,Indian,3.3,4,300.0,Quick Bites
Sri Gurudev Darshini,HSR,Indian,3.4,13,150.0,Quick Bites
Udupi Upachar,JP Nagar,Indian,3.3,13,300.0,Quick Bites
Kaapi Kendra,Jayanagar,Indian,3.7,14,100.0,Quick Bites
The Foodyz,JP Nagar,Indian,3.7,42,500.0,Quick Bites
Nandhanus Rasoi,Jayanagar,Indian,3.4,9,200.0,Quick Bites
Kulkarni's New Uttara Karnataka Food Speciality Stores,JP Nagar,Indian,3.4,6,250.0,Quick Bites
Spicy Kitchen,HSR,Indian,3.7,62,500.0,Quick Bites
New Udupi Upahar,Jayanagar,Indian,3.5,23,300.0,Quick Bites
New Mogul Empire,JP Nagar,Indian,3.3,6,300.0,Quick Bites
The Tandoori Chai,HSR,Indian,3.9,60,400.0,Quick Bites
Nandhi Andhra Style Family Restaurant,Jayanagar,Indian,3.4,13,400.0,Quick Bites
Kabab Magic,Jayanagar,Indian,4.0,957,500.0,Quick Bites
99 Variety Dosa and Pav Bhaji,HSR,Indian,4.0,101,250.0,Quick Bites
Kalpavriksha Upahara,Jayanagar,Indian,3.9,126,400.0,Quick Bites
Kabab Mehal,JP Nagar,Indian,3.7,66,400.0,Quick Bites
Asha Tiffins,HSR,Indian,4.3,278,150.0,Quick Bites
Navya Foods,HSR,Indian,3.4,7,300.0,Quick Bites
Chaitanya Cafe,JP Nagar,Indian,3.9,92,300.0,Quick Bites
Tharavadu,HSR,Indian,3.8,84,400.0,Quick Bites
Pappu Da Dhaba,Jayanagar,Indian,3.0,57,400.0,Quick Bites
GrannyzHut,HSR,Indian,3.4,8,350.0,Quick Bites
Nati Palace,JP Nagar,Indian,3.5,11,200.0,Quick Bites
Moolehatti Donne Biryani Mane,HSR,Indian,3.6,218,400.0,Quick Bites
Nagas,HSR,Indian,2.9,7,300.0,Quick Bites
Tawa Ghar Ka,HSR,Indian,3.8,331,350.0,Quick Bites
Raichur Biryani House,HSR,Indian,3.8,283,400.0,Quick Bites
Ishta Cafe,Jayanagar,Indian,3.9,41,500.0,Quick Bites
RotiCurry,HSR,Indian,3.1,28,300.0,Quick Bites
Grills & Rolls,JP Nagar,Indian,2.5,321,400.0,Quick Bites
Fanoos Xprss,Jayanagar,Indian,3.7,54,400.0,Quick Bites
Hotel Reddy Bhavan,HSR,Indian,3.4,11,300.0,Quick Bites
Namma Kudla,JP Nagar,Indian,3.9,200,400.0,Quick Bites
Food Springs,Jayanagar,Indian,4.0,233,400.0,Quick Bites
Vinaya Cafe,Jayanagar,Indian,3.4,11,200.0,Quick Bites
Mirch Masala,JP Nagar,Indian,3.4,6,500.0,Quick Bites
Roll N Rock,JP Nagar,Indian,3.7,33,400.0,Quick Bites
Hello Brother Hotel,HSR,Indian,3.4,6,300.0,Quick Bites
Dal Roti,JP Nagar,Indian,3.7,117,150.0,Quick Bites
Chef Master,Jayanagar,Indian,3.8,75,300.0,Quick Bites
Davangere Benna Dose Hotel,Jayanagar,Indian,4.1,90,100.0,Quick Bites
Dosa Bazaar,JP Nagar,Indian,3.9,112,200.0,Quick Bites
Intriicake,HSR,Indian,3.8,34,350.0,"Quick Bites, Bakery"
Krishna Grand,HSR,Indian,3.2,42,200.0,Quick Bites
Upahara Sagar,Jayanagar,Indian,3.0,25,300.0,Quick Bites
Mak n Vak - Fyn,HSR,Indian,3.9,337,500.0,Quick Bites
Taj Durbar,Jayanagar,Indian,3.8,83,400.0,Quick Bites
Rotti Mane,Jayanagar,Indian,3.6,13,200.0,Quick Bites
Jaganath Restaurant And Hotel,JP Nagar,Indian,3.2,8,300.0,Quick Bites
UNIK Food,Jayanagar,Indian,3.3,4,300.0,Quick Bites
Grand Chillies,HSR,Indian,3.4,7,400.0,Quick Bites
Adithya,Jayanagar,Indian,3.2,9,400.0,Quick Bites
The Little Kitchen,JP Nagar,Indian,3.4,8,300.0,Quick Bites
Parkview,JP Nagar,Indian,4.0,130,300.0,Quick Bites
Taj Durbar,Jayanagar,Indian,3.8,83,400.0,Quick Bites
Mavalli Tiffin Room (MTR),JP Nagar,Indian,4.1,873,300.0,Quick Bites
Uttar Karnataka Meals Restaurant,Jayanagar,Indian,3.7,26,200.0,Quick Bites
Navya Foods,HSR,Indian,3.4,7,300.0,Quick Bites
Tawa Ghar Ka,HSR,Indian,3.8,331,350.0,Quick Bites
Sri Sai 99 Variety Dosa,Jayanagar,Indian,3.6,37,300.0,Quick Bites
Tharavadu,HSR,Indian,3.8,84,400.0,Quick Bites
Mysuru Coffee Thindi,Jayanagar,Indian,4.1,301,200.0,Quick Bites
Sri Rajasthani Foods,JP Nagar,Indian,3.6,10,200.0,Quick Bites
Fanoos Xprss,Jayanagar,Indian,3.7,54,400.0,Quick Bites
Kalpavriksha Upahara,Jayanagar,Indian,3.9,126,400.0,Quick Bites
Southinn,HSR,Indian,3.8,190,250.0,Quick Bites
The Mylapore Cafe,HSR,Indian,4.1,119,200.0,Quick Bites
GrannyzHut,HSR,Indian,3.4,8,350.0,Quick Bites
New Udupi Grand,HSR,Indian,3.6,36,250.0,Quick Bites
Upahara Darshini,Jayanagar,Indian,4.0,166,400.0,Quick Bites
Vijayalakshmi Veg,Jayanagar,Indian,3.9,97,200.0,Quick Bites
Nammura Upahara,JP Nagar,Indian,3.8,40,100.0,Quick Bites
Raghavendra Upahara,Jayanagar,Indian,3.7,20,200.0,Quick Bites
Jaganath Restaurant And Hotel,JP Nagar,Indian,3.2,8,300.0,Quick Bites
Upahara Sagar,Jayanagar,Indian,3.0,25,300.0,Quick Bites
Sk Grand Hotel,Jayanagar,Indian,3.2,6,400.0,Quick Bites
Mak n Vak - Fyn,HSR,Indian,3.9,344,500.0,Quick Bites
Tasty Bites,JP Nagar,Indian,3.8,1,450.0,Quick Bites
SLV Restaurant,JP Nagar,Indian,4.2,377,300.0,Quick Bites
Vinaya Cafe,Jayanagar,Indian,3.4,11,200.0,Quick Bites
Rotti Mane,Jayanagar,Indian,3.6,13,200.0,Quick Bites
Nandhanus Rasoi,Jayanagar,Indian,3.4,9,200.0,Quick Bites
Chaitanya Cafe,JP Nagar,Indian,3.9,92,300.0,Quick Bites
Jayanagara Donne Biryani,Jayanagar,Indian,3.6,60,400.0,Quick Bites
Udupi Upachar,JP Nagar,Indian,3.3,13,300.0,Quick Bites
Chef Master,Jayanagar,Indian,3.8,75,300.0,Quick Bites
Adithya,Jayanagar,Indian,3.2,9,400.0,Quick Bites
Pappu Da Dhaba,Jayanagar,Indian,3.0,57,400.0,Quick Bites
Kakal-Kai Ruchi,JP Nagar,Indian,3.8,89,400.0,Quick Bites
Halli Mane,Majestic,Indian,3.2,5,300.0,Quick Bites
Navya's,HSR,Indian,2.9,46,600.0,Quick Bites
Moolehatti Donne Biryani Mane,HSR,Indian,3.6,218,400.0,Quick Bites
Nellore Abhiruchi,HSR,Indian,3.3,7,300.0,Quick Bites
Indori Zaika,HSR,Indian,2.8,105,300.0,Quick Bites
Asha Tiffins,HSR,Indian,4.3,278,150.0,Quick Bites
Shankar Maanes Kitchen,HSR,Indian,3.8,33,500.0,Quick Bites
Udupi Bhavan,HSR,Indian,3.8,170,400.0,Quick Bites
Udupi Palace,HSR,Indian,3.7,446,400.0,Quick Bites
Idli & Dosa Cafe,HSR,Indian,2.6,91,200.0,Quick Bites
Murli,HSR,Indian,3.7,79,500.0,Quick Bites
Shiv Shakthi,HSR,Indian,4.0,176,100.0,Quick Bites
Ithaa's Biriyani,HSR,Indian,3.4,12,500.0,Quick Bites
Andhra Vantillu,HSR,Indian,3.3,4,350.0,Quick Bites
Ammi's Biryani,HSR,Indian,2.8,114,500.0,Quick Bites
Ande Ka Funda,HSR,Indian,3.3,5,200.0,Quick Bites
Purani Dilli,HSR,Indian,3.2,4,300.0,Quick Bites
Ambur Biryani,HSR,Indian,3.2,5,450.0,Quick Bites
Grand Chillies,HSR,Indian,3.4,7,400.0,Quick Bites
Chattar Mattar,HSR,Indian,3.5,11,150.0,Quick Bites
New Punjabi Dhaba,HSR,Indian,3.9,783,300.0,Quick Bites
99 Variety Dosa and Pav Bhaji,HSR,Indian,4.0,101,250.0,Quick Bites
Nagas,HSR,Indian,2.9,7,300.0,Quick Bites
The Mylapore Cafe,HSR,Indian,4.1,119,200.0,Quick Bites
Bihar Ki Shan,HSR,Indian,3.8,347,300.0,Quick Bites
Nandhanam Restaurant,HSR,Indian,3.7,7,300.0,Quick Bites
The Tandoori Chai,HSR,Indian,3.9,60,400.0,Quick Bites
Hotel Salam,HSR,Indian,4.1,128,400.0,Quick Bites
Kachori Kafe,HSR,Indian,3.1,570,300.0,Quick Bites
Hotel Manu,HSR,Indian,3.9,340,400.0,Quick Bites
Tharavadu,HSR,Indian,3.8,83,400.0,Quick Bites
New Udupi Grand,HSR,Indian,3.7,36,250.0,Quick Bites
Shree Muthahalli Veg,HSR,Indian,4.1,841,300.0,Quick Bites
Mandya Gowdru Donne Biriyani,HSR,Indian,3.9,281,350.0,Quick Bites
Davanagere Benne Dose,HSR,Indian,3.9,106,150.0,Quick Bites
Tawa Ghar Ka,HSR,Indian,3.8,331,350.0,Quick Bites
Hotel Tanish,HSR,Indian,3.7,15,250.0,Quick Bites
Chaat Express,HSR,Indian,3.5,14,200.0,Quick Bites
HSR SLV Fast Food,HSR,Indian,3.7,34,200.0,Quick Bites
Dakshin Sagar,HSR,Indian,3.1,325,400.0,Quick Bites
The Rasaganga,HSR,Indian,3.9,163,300.0,Quick Bites
Paratha Plaza,HSR,Indian,3.1,82,200.0,Quick Bites
RotiCurry,HSR,Indian,3.1,28,300.0,Quick Bites
Chaat Trail By Moti Mahal,HSR,Indian,3.9,46,300.0,Quick Bites
FreshPhulka,HSR,Indian,3.8,24,150.0,Quick Bites
Punjabi Nukkad Pure Veg,HSR,Indian,4.0,768,500.0,Quick Bites
Madeena Hotel,HSR,Indian,3.9,236,400.0,Quick Bites
Cafe Madhura,HSR,Indian,3.8,59,200.0,Quick Bites
Spicy Kitchen,HSR,Indian,3.7,62,500.0,Quick Bites
Indian Paratha Factory,HSR,Indian,2.7,140,250.0,Quick Bites
South Tiffins,HSR,Indian,3.6,144,150.0,Quick Bites
Hotel Reddy Bhavan,HSR,Indian,3.4,11,300.0,Quick Bites
Punjabi Handi,HSR,Indian,2.9,19,400.0,Quick Bites
Homifoo,HSR,Indian,3.5,11,300.0,Quick Bites
Intriicake,HSR,Indian,3.8,34,350.0,"Quick Bites, Bakery"
Zaikedar Kitchen,HSR,Indian,3.2,17,400.0,Quick Bites
Fun Kitchen,HSR,Indian,3.8,89,400.0,Quick Bites
Lassi Cafe,HSR,Indian,3.8,41,300.0,"Beverage Shop, Quick Bites"
Sri Gurudev Darshini,HSR,Indian,3.5,13,150.0,Quick Bites
Wheat House,HSR,Indian,3.3,11,400.0,Quick Bites
Second Wife Cafe,HSR,Indian,3.8,61,400.0,Quick Bites
Sree Bangalore Bhavan,HSR,Indian,3.7,44,400.0,Quick Bites
Krishna Grand,HSR,Indian,3.2,42,200.0,Quick Bites
Lazeez Corner,HSR,Indian,3.1,7,500.0,Quick Bites
Foodzoo,HSR,Indian,3.7,122,300.0,Quick Bites
Desi Chopstick,HSR,Indian,3.8,37,400.0,Quick Bites
The Food Factory,HSR,Indian,2.7,42,450.0,Quick Bites
Southinn,HSR,Indian,3.8,190,250.0,Quick Bites
Raichur Biryani House,HSR,Indian,3.8,283,400.0,Quick Bites
Juice Junction Food Court,HSR,Indian,3.8,211,200.0,Quick Bites
Families Food Court,HSR,Indian,3.9,261,400.0,Quick Bites
Tasty Treat,HSR,Indian,3.1,131,400.0,Quick Bites
New Punjabi Pure Veg Restaurant,HSR,Indian,3.5,10,300.0,Quick Bites
Pavan Tiffin Center,HSR,Indian,3.3,8,300.0,Quick Bites
Yo! Thali,HSR,Indian,3.5,4,400.0,Quick Bites
Zodiac Grills,HSR,Indian,3.2,4,500.0,Quick Bites
Aao G Khao G,HSR,Indian,3.5,11,200.0,Quick Bites
Kakatiya's,HSR,Indian,3.1,6,250.0,Quick Bites
Hello Brother Hotel,HSR,Indian,3.4,6,300.0,Quick Bites
Sri Krishna Sagar,HSR,Indian,3.5,234,400.0,Quick Bites
Navya Foods,HSR,Indian,3.4,7,300.0,Quick Bites
Chaat Street,HSR,Indian,3.8,192,250.0,Quick Bites
Bangalore Cafe,HSR,Indian,3.7,197,400.0,Quick Bites
Mumbai Tiffin,HSR,Indian,4.4,1288,400.0,Quick Bites
Donne Biriyani House,HSR,Indian,3.2,73,400.0,Quick Bites
Mirch,HSR,Indian,3.7,94,400.0,Quick Bites
Mak n Vak - Fyn,HSR,Indian,3.9,337,500.0,Quick Bites
Intriicake,HSR,Indian,3.8,34,350.0,"Quick Bites, Bakery"
Hotel Reddy Bhavan,HSR,Indian,3.4,11,300.0,Quick Bites
Mak n Vak - Fyn,HSR,Indian,3.9,337,500.0,Quick Bites
Begum's Biriyani,HSR,Indian,3.2,4,500.0,Quick Bites
Navya's,HSR,Indian,2.9,46,600.0,Quick Bites
Mumbai Tiffin,HSR,Indian,4.4,1288,400.0,Quick Bites
Moolehatti Donne Biryani Mane,HSR,Indian,3.6,218,400.0,Quick Bites
Chaat Trail By Moti Mahal,HSR,Indian,3.9,46,300.0,Quick Bites
Punjabi Nukkad Pure Veg,HSR,Indian,4.0,769,500.0,Quick Bites
Hotel Salam,HSR,Indian,4.1,128,400.0,Quick Bites
Raghavendra Tiffin,HSR,Indian,4.4,222,150.0,Quick Bites
Mirch,HSR,Indian,3.7,94,400.0,Quick Bites
Shree Muthahalli Veg,HSR,Indian,4.1,842,300.0,Quick Bites
The Tandoori Chai,HSR,Indian,3.9,60,400.0,Quick Bites
Faasos,HSR,Indian,3.9,355,500.0,Quick Bites
Shankar Maanes Kitchen,HSR,Indian,3.8,33,500.0,Quick Bites
Navya Foods,HSR,Indian,3.4,7,300.0,Quick Bites
Tawa Ghar Ka,HSR,Indian,3.8,331,350.0,Quick Bites
Kabab Magic,HSR,Indian,3.1,282,500.0,Quick Bites
Aao G Khao G,HSR,Indian,3.5,11,200.0,Quick Bites
Madeena Hotel,HSR,Indian,3.9,236,400.0,Quick Bites
New Punjabi Dhaba,HSR,Indian,3.9,783,300.0,Quick Bites
Davanagere Benne Dose,HSR,Indian,3.9,106,150.0,Quick Bites
Tharavadu,HSR,Indian,3.8,83,400.0,Quick Bites
Families Food Court,HSR,Indian,3.9,261,400.0,Quick Bites
Sri Krishna Sagar,HSR,Indian,3.5,234,400.0,Quick Bites
The Rasaganga,HSR,Indian,3.9,163,300.0,Quick Bites
Hotel Manu,HSR,Indian,3.9,340,400.0,Quick Bites
Second Wife Cafe,HSR,Indian,3.8,61,400.0,Quick Bites
Hotel Tanish,HSR,Indian,3.7,15,250.0,Quick Bites
Southinn,HSR,Indian,3.8,190,250.0,Quick Bites
99 Variety Dosa and Pav Bhaji,HSR,Indian,4.0,101,250.0,Quick Bites
Spicy Kitchen,HSR,Indian,3.8,63,500.0,Quick Bites
Fun Kitchen,HSR,Indian,3.8,90,400.0,Quick Bites
Nandhanam Restaurant,HSR,Indian,3.7,7,300.0,Quick Bites
The Mylapore Cafe,HSR,Indian,4.1,119,200.0,Quick Bites
GrannyzHut,HSR,Indian,3.4,8,350.0,Quick Bites
Paratha Plaza,HSR,Indian,3.8,184,250.0,Quick Bites
Kachori Kafe,HSR,Indian,3.2,571,300.0,Quick Bites
Bangalore Cafe,HSR,Indian,3.7,197,400.0,Quick Bites
Raichur Biryani House,HSR,Indian,3.8,283,400.0,Quick Bites
Udupi Palace,HSR,Indian,3.7,446,400.0,Quick Bites
Tasty Treat,HSR,Indian,3.1,131,400.0,Quick Bites
Sree Bangalore Bhavan,HSR,Indian,3.7,44,400.0,Quick Bites
Foodzoo,HSR,Indian,3.6,123,300.0,Quick Bites
Dr. Shawarma,HSR,Indian,3.5,4,200.0,Quick Bites
Arogya,HSR,Indian,3.4,9,100.0,Quick Bites
New Udupi Grand,HSR,Indian,3.7,36,250.0,Quick Bites
HSR SLV Fast Food,HSR,Indian,3.7,34,200.0,Quick Bites
Mandya Gowdru Donne Biriyani,HSR,Indian,3.8,282,350.0,Quick Bites
Bihar Ki Shan,HSR,Indian,3.8,347,300.0,Quick Bites
Chaat Express,HSR,Indian,3.5,14,200.0,Quick Bites
Wheat House,HSR,Indian,3.3,11,400.0,Quick Bites
Yo! Thali,HSR,Indian,3.5,4,400.0,Quick Bites
Kakatiya's,HSR,Indian,3.1,6,250.0,Quick Bites
Idli & Dosa Cafe,HSR,Indian,2.6,91,200.0,Quick Bites
RotiCurry,HSR,Indian,3.1,28,300.0,Quick Bites
Udupi Bhavan,HSR,Indian,3.8,171,400.0,Quick Bites
Juice Junction Food Court,HSR,Indian,3.8,211,200.0,Quick Bites
The Food Factory,HSR,Indian,2.7,42,450.0,Quick Bites
Murli,HSR,Indian,3.7,79,500.0,Quick Bites
Sri Gurudev Darshini,HSR,Indian,3.5,13,150.0,Quick Bites
Lazeez Corner,HSR,Indian,3.1,7,500.0,Quick Bites
Nellore Abhiruchi,HSR,Indian,3.3,7,300.0,Quick Bites
Indian Paratha Factory,HSR,Indian,2.7,140,250.0,Quick Bites
New Punjabi Pure Veg Restaurant,HSR,Indian,3.5,10,300.0,Quick Bites
Hello Brother Hotel,HSR,Indian,3.4,6,300.0,Quick Bites
Zodiac Grills,HSR,Indian,3.2,4,500.0,Quick Bites
Krishna Grand,HSR,Indian,3.2,42,200.0,Quick Bites
Just Dosa,HSR,Indian,3.7,34,200.0,Quick Bites
Pavan Tiffin Center,HSR,Indian,3.3,8,300.0,Quick Bites
Ithaa's Biriyani,HSR,Indian,3.4,12,500.0,Quick Bites
Panchamuki Fastfood,HSR,Indian,3.5,12,300.0,Quick Bites
Rayaan's Restaurant,HSR,Indian,3.6,155,500.0,Quick Bites
Andhra Vantillu,HSR,Indian,3.3,4,350.0,Quick Bites
Ammi's Biryani,HSR,Indian,2.8,114,500.0,Quick Bites
Ande Ka Funda,HSR,Indian,3.3,5,200.0,Quick Bites
Purani Dilli,HSR,Indian,3.2,4,300.0,Quick Bites
Ambur Biryani,HSR,Indian,3.2,5,450.0,Quick Bites
Chattar Mattar,HSR,Indian,3.5,11,150.0,Quick Bites
Swadisht North Indian Restaurant,HSR,Indian,3.2,23,200.0,Quick Bites
Cafe Madhura,HSR,Indian,3.8,59,200.0,Quick Bites
Punjabi Handi,HSR,Indian,2.9,19,400.0,Quick Bites
Donne Biriyani House,HSR,Indian,3.2,73,400.0,Quick Bites
Zaikedar Kitchen,HSR,Indian,3.2,17,400.0,Quick Bites
Dakshin Sagar,HSR,Indian,3.1,325,400.0,Quick Bites
Chaat Street,HSR,Indian,3.8,192,250.0,Quick Bites
Indori Zaika,HSR,Indian,2.8,105,300.0,Quick Bites
36th Cross Coffee Mane,Jayanagar,Indian,3.6,19,200.0,Quick Bites
Sri Guru Kottureshwara Davangere Benne Dosa,Basavanagudi,Indian,4.1,562,150.0,Quick Bites
Bhukkhad Baba,JP Nagar,Indian,3.6,132,250.0,Quick Bites
Mysuru Coffee Thindi,Jayanagar,Indian,4.1,304,200.0,Quick Bites
Kabab Magic,Jayanagar,Indian,3.9,984,500.0,Quick Bites
Vijayalakshmi,Basavanagudi,Indian,4.0,49,200.0,Quick Bites
Adithya,JP Nagar,Indian,4.0,335,300.0,Quick Bites
Namma Brahmin's Idli,Jayanagar,Indian,3.7,38,100.0,Quick Bites
Puliyogare Point,Basavanagudi,Indian,4.2,449,100.0,Quick Bites
Kedia's Fun Food,Jayanagar,Indian,4.3,632,200.0,Quick Bites
Kabab Mehal,JP Nagar,Indian,3.7,66,400.0,Quick Bites
Prasiddhi Food Corner,JP Nagar,Indian,3.7,171,200.0,Quick Bites
Starlite Bakery & Fastfood,Jayanagar,Indian,3.7,23,300.0,Quick Bites
Wahab,Jayanagar,Indian,3.7,98,350.0,Quick Bites
Upahara Darshini,Jayanagar,Indian,4.0,166,400.0,Quick Bites
Bangalore Agarwal Bhavan,Jayanagar,Indian,3.9,137,400.0,Quick Bites
Just Thindi,Basavanagudi,Indian,3.6,16,200.0,Quick Bites
Nati Palace,JP Nagar,Indian,3.5,11,200.0,Quick Bites
Jaganath Hotel and Restaurant,JP Nagar,Indian,3.7,35,200.0,Quick Bites
HOT COFFEE,Basavanagudi,Indian,4.1,70,150.0,Quick Bites
Samosa Singh,JP Nagar,Indian,3.5,4,250.0,Quick Bites
Sri Sai 99 Variety Dosa,Jayanagar,Indian,3.6,38,300.0,Quick Bites
Ishta Cafe,Jayanagar,Indian,3.9,42,500.0,Quick Bites
Sri Sai Cafe,Basavanagudi,Indian,3.5,10,200.0,Quick Bites
Grills & Rolls,JP Nagar,Indian,2.5,321,400.0,Quick Bites
Tiwari's,Jayanagar,Indian,3.8,69,200.0,Quick Bites
Vakulaa Veg Restaurant,Jayanagar,Indian,3.9,52,200.0,Quick Bites
Banashankari Nati Style,JP Nagar,Indian,3.6,8,300.0,Quick Bites
Fanoos Xprss,Jayanagar,Indian,3.7,54,400.0,Quick Bites
Dosa Bazaar,JP Nagar,Indian,3.9,113,200.0,Quick Bites
Juice Junction Food Court,Basavanagudi,Indian,3.7,57,200.0,Quick Bites
Mulabagilu Dosa,Basavanagudi,Indian,3.6,12,100.0,Quick Bites
Kaapi Kendra,Jayanagar,Indian,3.7,16,100.0,Quick Bites
Sri Rajasthani Foods,JP Nagar,Indian,3.6,12,200.0,Quick Bites
Yo! Thali,HSR,Indian,3.5,4,400.0,Quick Bites
Lalbagh Grand,Basavanagudi,Indian,3.0,23,250.0,Quick Bites
Mane Holige,Jayanagar,Indian,4.3,142,200.0,"Sweet Shop, Quick Bites"
Shreyas Upahar & Burger Point,Basavanagudi,Indian,3.1,8,200.0,Quick Bites
The little Kitchen,JP Nagar,Indian,3.4,6,300.0,Quick Bites
Shringar Sweets & Snacks,Basavanagudi,Indian,3.5,11,200.0,"Sweet Shop, Quick Bites"
The Foodyz,JP Nagar,Indian,3.7,43,500.0,Quick Bites
Paratha Plaza,JP Nagar,Indian,3.8,171,250.0,Quick Bites
Udupi Grand,Basavanagudi,Indian,3.8,76,300.0,Quick Bites
The Krishna Grand Xpress,Jayanagar,Indian,4.0,137,350.0,Quick Bites
Udupi Upachar,JP Nagar,Indian,3.3,13,300.0,Quick Bites
Vinaya Cafe,JP Nagar,Indian,3.7,55,200.0,Quick Bites
Paratha Junction,Jayanagar,Indian,3.3,397,300.0,Quick Bites
Kulkarni's New Uttara Karnataka Food Speciality Stores,JP Nagar,Indian,3.4,6,250.0,Quick Bites
Pappu Da Dhaba,Jayanagar,Indian,3.0,57,400.0,Quick Bites
Nandhi Andhra Style Family Restaurant,Jayanagar,Indian,3.4,13,400.0,Quick Bites
New Udupi Upahar,Jayanagar,Indian,3.5,23,300.0,Quick Bites
Maiyas,Jayanagar,Indian,4.0,1782,200.0,Quick Bites
Mirch Masala,JP Nagar,Indian,3.4,6,500.0,Quick Bites
New Mogul Empire,JP Nagar,Indian,3.3,6,300.0,Quick Bites
Chaitanya Cafe,JP Nagar,Indian,3.9,92,300.0,Quick Bites
Navya Foods,HSR,Indian,3.4,7,300.0,Quick Bites
By 2 Coffee,Basavanagudi,Indian,4.3,319,100.0,Quick Bites
Kalpavriksha Upahara,Jayanagar,Indian,3.9,126,400.0,Quick Bites
Taj Durbar,Jayanagar,Indian,3.8,83,400.0,Quick Bites
Amritsari Kulcha Land,JP Nagar,Indian,4.0,260,300.0,Quick Bites
Sri Krishna Darshini,Basavanagudi,Indian,3.1,4,200.0,Quick Bites
Gowdru Mane Oota,JP Nagar,Indian,3.7,83,400.0,Quick Bites
Rajastani Rasoi,Basavanagudi,Indian,3.2,5,100.0,Quick Bites
Jayanagara Donne Biryani,Jayanagar,Indian,3.6,60,400.0,Quick Bites
Trendz Corner,Jayanagar,Indian,3.6,31,200.0,Quick Bites
Eat Repeat,Basavanagudi,Indian,3.9,104,150.0,Quick Bites
Food Springs,Jayanagar,Indian,4.0,233,400.0,Quick Bites
Biriyani Mane,Jayanagar,Indian,3.9,130,400.0,Quick Bites
Rotti Mane,Jayanagar,Indian,3.7,15,200.0,Quick Bites
Kamat Minerva,Basavanagudi,Indian,2.6,72,300.0,Quick Bites
Davangere Benna Dose Hotel,Jayanagar,Indian,4.1,90,100.0,Quick Bites
UNIK Food,Jayanagar,Indian,3.3,4,300.0,Quick Bites
Fishland Deluxe,Jayanagar,Indian,3.5,9,500.0,Quick Bites
Sri Udupi Veg,Jayanagar,Indian,3.3,4,250.0,Quick Bites
Millet Mama,Basavanagudi,Indian,3.9,18,200.0,Quick Bites
Namma Kudla,JP Nagar,Indian,4.0,200,400.0,Quick Bites
Dal Roti,JP Nagar,Indian,3.7,117,150.0,Quick Bites
Kamat Bugle Rock,Basavanagudi,Indian,3.9,544,300.0,Quick Bites
Halli Rotti Manne,Jayanagar,Indian,3.4,9,100.0,Quick Bites
Kolkata Restaurant,Jayanagar,Indian,3.0,7,300.0,Quick Bites
B.M.W Bhookh Mitaane Wala,JP Nagar,Indian,3.6,13,500.0,Quick Bites
Roll N Rock,JP Nagar,Indian,3.7,33,400.0,Quick Bites
Tasty Bites,JP Nagar,Indian,3.8,217,450.0,Quick Bites
Keshava Kabab Centre,JP Nagar,Indian,3.2,7,200.0,Quick Bites
Kholi Mane,Basavanagudi,Indian,3.6,46,450.0,Quick Bites
Dakshin Kitchen,Basavanagudi,Indian,3.6,15,100.0,Quick Bites
South Kitchen,Basavanagudi,Indian,4.3,276,100.0,Quick Bites
Upahara Sagar,Jayanagar,Indian,3.0,25,300.0,Quick Bites
The Little Kitchen,JP Nagar,Indian,3.5,11,300.0,Quick Bites
Chef Master,Jayanagar,Indian,3.8,75,300.0,Quick Bites
Adithya,Jayanagar,Indian,3.2,9,400.0,Quick Bites
Jaganath Restaurant And Hotel,JP Nagar,Indian,3.2,8,300.0,Quick Bites
Tandoori Spot,JP Nagar,Indian,3.5,13,500.0,Quick Bites
South Indian Kitchen,JP Nagar,Indian,3.3,6,300.0,Quick Bites
Sk Grand Hotel,Jayanagar,Indian,3.2,6,400.0,Quick Bites
Special Biriyani,JP Nagar,Indian,2.9,4,300.0,Quick Bites
Petoo,Jayanagar,Indian,3.9,20,800.0,Quick Bites
Mane Holige,Jayanagar,Indian,4.3,142,200.0,"Sweet Shop, Quick Bites"
Maiyas,Jayanagar,Indian,4.0,1782,200.0,Quick Bites
Shringar Sweets & Snacks,Basavanagudi,Indian,3.5,11,200.0,"Sweet Shop, Quick Bites"
Ranganna Military Hotel,Jayanagar,Indian,4.2,734,350.0,Quick Bites
The Krishna Grand Xpress,Jayanagar,Indian,4.0,137,350.0,Quick Bites
Empark Inn Restaurant,Jayanagar,Indian,3.7,38,350.0,Quick Bites
Taj Durbar,Jayanagar,Indian,3.8,85,400.0,Quick Bites
Uttar Karnataka Meals Restaurant,Jayanagar,Indian,3.8,26,200.0,Quick Bites
Iyengar's Inn,Jayanagar,Indian,4.1,53,100.0,Quick Bites
Upahara Sagar,Jayanagar,Indian,3.0,25,300.0,Quick Bites
Sk Grand Hotel,Jayanagar,Indian,3.2,6,400.0,Quick Bites
Pavithra Restaurant,Jayanagar,Indian,3.2,135,300.0,Quick Bites
Kolkata Restaurant,Jayanagar,Indian,3.1,7,300.0,Quick Bites
Maiyas,Jayanagar,Indian,4.0,1784,200.0,Quick Bites
Kabab Magic,Jayanagar,Indian,4.0,961,500.0,Quick Bites
Bengaluru Cafe,Jayanagar,Indian,4.5,135,150.0,Quick Bites
Vakulaa Veg Restaurant,Jayanagar,Indian,3.9,53,200.0,Quick Bites
Sri Sai 99 Variety Dosa,Jayanagar,Indian,3.6,38,300.0,Quick Bites
Brahmin Tiffins & Coffee,Jayanagar,Indian,4.2,424,100.0,Quick Bites
Upahara Darshini,Jayanagar,Indian,3.9,339,400.0,Quick Bites
Ishta Cafe,Jayanagar,Indian,3.9,42,500.0,Quick Bites
SLV Ragigudda,Jayanagar,Indian,3.7,0,400.0,Quick Bites
Food Springs,Jayanagar,Indian,4.0,233,400.0,Quick Bites
Uphar Dharshni,Jayanagar,Indian,3.6,15,150.0,Quick Bites
Petoo,Jayanagar,Indian,3.9,20,800.0,Quick Bites
Mysuru Coffee Thindi,Jayanagar,Indian,4.1,311,200.0,Quick Bites
Fanoos Xprss,Jayanagar,Indian,3.7,54,400.0,Quick Bites
Kalpavriksha Upahara,Jayanagar,Indian,4.0,126,400.0,Quick Bites
Starlite Bakery & Fastfood,Jayanagar,Indian,3.9,24,300.0,Quick Bites
Ande Ka Funda,Jayanagar,Indian,3.5,30,200.0,Quick Bites
All Aromas,Jayanagar,Indian,4.3,0,400.0,Quick Bites
MDP Coffee House,Jayanagar,Indian,3.8,38,200.0,Quick Bites
Kaapi Kendra,Jayanagar,Indian,3.7,16,100.0,Quick Bites
Bangalore Agarwal Bhavan,Jayanagar,Indian,3.9,138,400.0,Quick Bites
New Udupi Upahar,Jayanagar,Indian,3.3,23,300.0,Quick Bites
Anda Ka Funda,Jayanagar,Indian,3.2,14,300.0,Quick Bites
Trendz Corner,Jayanagar,Indian,3.6,31,200.0,Quick Bites
Vasudev Adiga's,Jayanagar,Indian,3.8,266,250.0,Quick Bites
Paratha Junction,Jayanagar,Indian,3.3,399,300.0,Quick Bites
Vijayalakshmi Veg,Jayanagar,Indian,3.9,100,200.0,Quick Bites
Fishland Deluxe,Jayanagar,Indian,3.5,9,500.0,Quick Bites
36th Cross Coffee Mane,Jayanagar,Indian,3.8,19,200.0,Quick Bites
Raghavendra Upahara,Jayanagar,Indian,3.7,20,200.0,Quick Bites
Nandhi Andhra Style Family Restaurant,Jayanagar,Indian,3.4,14,400.0,Quick Bites
Adiga's,Jayanagar,Indian,3.7,56,150.0,Quick Bites
Vybhava,Jayanagar,Indian,3.8,39,250.0,Quick Bites
Vinaya Cafe,Jayanagar,Indian,3.4,11,200.0,Quick Bites
Shree Venkateshwara North Karnataka Hotel,Jayanagar,Indian,4.0,82,200.0,Quick Bites
Wahab,Jayanagar,Indian,3.7,97,350.0,Quick Bites
Rotti Mane,Jayanagar,Indian,3.7,15,200.0,Quick Bites
Nandhanus Rasoi,Jayanagar,Indian,3.4,9,200.0,Quick Bites
Jayanagara Donne Biryani,Jayanagar,Indian,3.6,62,400.0,Quick Bites
Sangam Military Hotel,Jayanagar,Indian,3.3,14,250.0,Quick Bites
Chef Master,Jayanagar,Indian,3.8,76,300.0,Quick Bites
Adithya,Jayanagar,Indian,3.2,9,400.0,Quick Bites
Adithya,Jayanagar,Indian,3.7,29,300.0,Quick Bites
Shree Balaji Paratha House,Jayanagar,Indian,3.0,17,200.0,Quick Bites
Saarangi Express,Jayanagar,Indian,3.4,6,250.0,Quick Bites
Adithya Veg,Jayanagar,Indian,3.3,10,300.0,Quick Bites
Pappu Da Dhaba,Jayanagar,Indian,3.2,58,400.0,Quick Bites
Halli Rotti Manne,Jayanagar,Indian,3.4,9,100.0,Quick Bites
Parkview,JP Nagar,Indian,4.0,130,300.0,Quick Bites
Sri Guru Kottureshwara Davangere Benne Dosa,Basavanagudi,Indian,4.1,564,150.0,Quick Bites
Namma Kudla,JP Nagar,Indian,3.9,200,400.0,Quick Bites
Mavalli Tiffin Room (MTR),JP Nagar,Indian,4.2,875,300.0,Quick Bites
Wudfyr,JP Nagar,Indian,3.8,0,700.0,Quick Bites
Navya Foods,HSR,Indian,3.4,7,300.0,Quick Bites
The Paratha Stories,JP Nagar,Indian,3.9,0,250.0,Quick Bites
Swathi Restaurant,JP Nagar,Indian,3.9,49,400.0,Quick Bites
White Horse,JP Nagar,Indian,3.8,179,400.0,Quick Bites
Udupi Grand,Basavanagudi,Indian,3.8,76,300.0,Quick Bites
Peat & Fire,JP Nagar,Indian,3.8,0,700.0,Quick Bites
Gowdru Mane Oota,JP Nagar,Indian,3.7,83,400.0,Quick Bites
Tasty Bites,JP Nagar,Indian,3.8,217,450.0,Quick Bites
Millet Mama,Basavanagudi,Indian,3.9,18,200.0,Quick Bites
The Foodyz,JP Nagar,Indian,3.6,43,500.0,Quick Bites
Upahara Darshini,Basavanagudi,Indian,4.2,255,150.0,Quick Bites
Bhukkhad Baba,JP Nagar,Indian,3.7,133,250.0,Quick Bites
Prasiddhi Food Corner,JP Nagar,Indian,3.7,171,200.0,Quick Bites
Sri Rajasthani Foods,JP Nagar,Indian,3.6,11,200.0,Quick Bites
Faasos,JP Nagar,Indian,3.9,313,500.0,Quick Bites
Anju's Cafe,JP Nagar,Indian,4.1,150,400.0,Quick Bites
Sri Raghavendra Davanagere Benne Dose Hotel,JP Nagar,Indian,4.0,38,200.0,Quick Bites
B.M.W Bhookh Mitaane Wala,JP Nagar,Indian,3.9,15,500.0,Quick Bites
Nammura Upahara,JP Nagar,Indian,3.8,40,100.0,Quick Bites
Pushpa Darshini,JP Nagar,Indian,3.7,20,100.0,Quick Bites
Jaganath Restaurant And Hotel,JP Nagar,Indian,3.2,8,300.0,Quick Bites
Shrinidhi Military Hotel,Basavanagudi,Indian,3.4,6,300.0,Quick Bites
New Shanthi Sagar,Basavanagudi,Indian,2.7,49,600.0,Quick Bites
SLV Restaurant,JP Nagar,Indian,4.1,379,300.0,Quick Bites
Keshava Kabab Centre,JP Nagar,Indian,3.2,7,200.0,Quick Bites
Kabab Mehal,JP Nagar,Indian,3.7,66,400.0,Quick Bites
Dal Roti,JP Nagar,Indian,3.7,117,150.0,Quick Bites
Shringar Sweets & Snacks,Basavanagudi,Indian,3.5,11,200.0,"Sweet Shop, Quick Bites"
Chaitanya Cafe,JP Nagar,Indian,3.9,92,300.0,Quick Bites
Sri Brahmi Kuteera,JP Nagar,Indian,3.4,0,150.0,Quick Bites
Udupi Upachar,JP Nagar,Indian,3.3,13,300.0,Quick Bites
Kholi Mane,Basavanagudi,Indian,3.6,46,450.0,Quick Bites
Gopal Kabab Centre,JP Nagar,Indian,3.4,4,350.0,Quick Bites
Inchara Restaurant,Basavanagudi,Indian,3.3,0,300.0,Quick Bites
SB FOODS,JP Nagar,Indian,3.3,4,250.0,Quick Bites
Tandoori Spot,JP Nagar,Indian,3.5,13,500.0,Quick Bites
Thindi Mane,JP Nagar,Indian,3.5,6,300.0,Quick Bites
South Indian Kitchen,JP Nagar,Indian,3.3,6,300.0,Quick Bites
Kakal-Kai Ruchi,JP Nagar,Indian,3.8,89,400.0,Quick Bites
Sri Krishna Sagar,JP Nagar,Indian,3.1,54,300.0,Quick Bites
36th Cross Coffee Mane,Jayanagar,Indian,3.6,19,200.0,Quick Bites
Bhukkhad Baba,JP Nagar,Indian,3.7,132,250.0,Quick Bites
Mysuru Coffee Thindi,Jayanagar,Indian,4.1,303,200.0,Quick Bites
Adithya,JP Nagar,Indian,4.0,334,300.0,Quick Bites
Faasos,JP Nagar,Indian,3.9,313,500.0,Quick Bites
Kedia's Fun Food,Jayanagar,Indian,4.3,632,200.0,Quick Bites
Kabab Magic,Jayanagar,Indian,4.0,958,500.0,Quick Bites
Nandhi Andhra Style Family Restaurant,Jayanagar,Indian,3.4,13,400.0,Quick Bites
Namma Brahmin's Idli,Jayanagar,Indian,3.7,37,100.0,Quick Bites
Nati Palace,JP Nagar,Indian,3.5,11,200.0,Quick Bites
Starlite Bakery & Fastfood,Jayanagar,Indian,3.7,23,300.0,Quick Bites
Kabab Mehal,JP Nagar,Indian,3.7,66,400.0,Quick Bites
Prasiddhi Food Corner,JP Nagar,Indian,3.7,171,200.0,Quick Bites
Bangalore Agarwal Bhavan,Jayanagar,Indian,3.9,136,400.0,Quick Bites
Vijayalakshmi Veg,Jayanagar,Indian,3.9,97,200.0,Quick Bites
Punjabi Food Corner,JP Nagar,Indian,3.0,354,400.0,Quick Bites
Jaganath Hotel and Restaurant,JP Nagar,Indian,3.6,35,200.0,Quick Bites
Grills & Rolls,JP Nagar,Indian,2.5,321,400.0,Quick Bites
Upahara Darshini,Jayanagar,Indian,4.0,166,400.0,Quick Bites
Amritsari Kulcha Land,JP Nagar,Indian,4.0,260,300.0,Quick Bites
Ishta Cafe,Jayanagar,Indian,3.9,42,500.0,Quick Bites
Tiwari's,Jayanagar,Indian,3.8,69,200.0,Quick Bites
New Udupi Grand,JP Nagar,Indian,3.5,47,300.0,Quick Bites
Nagas,JP Nagar,Indian,3.0,10,300.0,Quick Bites
Gowdru Mane Oota,JP Nagar,Indian,3.7,82,400.0,Quick Bites
Banashankari Nati Style,JP Nagar,Indian,3.6,8,300.0,Quick Bites
Vakulaa Veg Restaurant,Jayanagar,Indian,3.9,52,200.0,Quick Bites
Fanoos Xprss,Jayanagar,Indian,3.7,54,400.0,Quick Bites
Anda Ka Funda,Jayanagar,Indian,3.3,90,250.0,Quick Bites
Jayanagara Donne Biryani,Jayanagar,Indian,3.6,60,400.0,Quick Bites
Kaapi Kendra,Jayanagar,Indian,3.7,16,100.0,Quick Bites
Dakshin Cafe,JP Nagar,Indian,4.1,140,100.0,Quick Bites
Sri Rajasthani Foods,JP Nagar,Indian,3.6,10,200.0,Quick Bites
The little Kitchen,JP Nagar,Indian,3.4,5,300.0,Quick Bites
Hatti Kaapi,Jayanagar,Indian,4.0,89,200.0,Quick Bites
Maiyas,Jayanagar,Indian,4.0,1781,200.0,Quick Bites
Vinaya Cafe,JP Nagar,Indian,3.7,55,200.0,Quick Bites
The Krishna Grand Xpress,Jayanagar,Indian,4.0,137,350.0,Quick Bites
Paratha Plaza,JP Nagar,Indian,3.8,171,250.0,Quick Bites
The Foodyz,JP Nagar,Indian,3.7,43,500.0,Quick Bites
Udupi Upachar,JP Nagar,Indian,3.3,13,300.0,Quick Bites
Paratha Junction,Jayanagar,Indian,3.3,396,300.0,Quick Bites
Bengalooru Tiffany's,JP Nagar,Indian,3.1,39,400.0,Quick Bites
Pappu Da Dhaba,Jayanagar,Indian,3.0,57,400.0,Quick Bites
New Udupi Upahar,Jayanagar,Indian,3.5,23,300.0,Quick Bites
New Mogul Empire,JP Nagar,Indian,3.3,6,300.0,Quick Bites
Mirch Masala,JP Nagar,Indian,3.4,6,500.0,Quick Bites
Kulkarni's New Uttara Karnataka Food Speciality Stores,JP Nagar,Indian,3.4,6,250.0,Quick Bites
Chaitanya Cafe,JP Nagar,Indian,3.9,92,300.0,Quick Bites
Kalpavriksha Upahara,Jayanagar,Indian,3.9,126,400.0,Quick Bites
Waah Biryani,JP Nagar,Indian,3.8,117,350.0,Quick Bites
Atithi Biryani Corner,JP Nagar,Indian,3.3,4,200.0,Quick Bites
Akshaya Donne Biriyani,JP Nagar,Indian,3.0,39,300.0,Quick Bites
Dosa Bazaar,JP Nagar,Indian,4.0,113,200.0,Quick Bites
Biriyani Mane,Jayanagar,Indian,3.9,130,400.0,Quick Bites
Food Springs,Jayanagar,Indian,4.0,233,400.0,Quick Bites
Halli Mane MUDDE OOTA,JP Nagar,Indian,3.5,14,300.0,Quick Bites
Sree Krishna Kafe,JP Nagar,Indian,3.9,115,200.0,Quick Bites
Tasty Bites,JP Nagar,Indian,3.8,217,450.0,Quick Bites
Jaganath Restaurant And Hotel,JP Nagar,Indian,3.2,8,300.0,Quick Bites
Ningi Family Restaurant,JP Nagar,Indian,3.5,10,400.0,Quick Bites
Keshava Kabab Centre,JP Nagar,Indian,3.2,7,200.0,Quick Bites
Impala Biryani,JP Nagar,Indian,3.2,4,150.0,Quick Bites
Tandoori Spot,JP Nagar,Indian,3.5,13,500.0,Quick Bites
South Indian Kitchen,JP Nagar,Indian,3.3,6,300.0,Quick Bites
Namma Kudla,JP Nagar,Indian,4.0,200,400.0,Quick Bites
Dal Roti,JP Nagar,Indian,3.7,117,150.0,Quick Bites
Davangere Benna Dose Hotel,Jayanagar,Indian,4.1,90,100.0,Quick Bites
B.M.W Bhookh Mitaane Wala,JP Nagar,Indian,3.6,12,500.0,Quick Bites
Rotti Mane,Jayanagar,Indian,3.6,13,200.0,Quick Bites
Halli Rotti Manne,Jayanagar,Indian,3.4,9,100.0,Quick Bites
Upahara Sagar,Jayanagar,Indian,3.0,25,300.0,Quick Bites
Adithya,Jayanagar,Indian,3.2,9,400.0,Quick Bites
Chef Master,Jayanagar,Indian,3.8,75,300.0,Quick Bites
UNIK Food,Jayanagar,Indian,3.3,4,300.0,Quick Bites
Sk Grand Hotel,Jayanagar,Indian,3.2,6,400.0,Quick Bites
Melting Pot at Woodrose,JP Nagar,Indian,3.7,19,800.0,Quick Bites
The Little Kitchen,JP Nagar,Indian,3.4,8,300.0,Quick Bites
Special Biriyani,JP Nagar,Indian,2.9,4,300.0,Quick Bites
The Tucck Box,JP Nagar,Indian,3.4,7,300.0,Quick Bites
Kesar Restaurant,JP Nagar,Indian,3.6,48,200.0,Quick Bites
Parkview,JP Nagar,Indian,4.0,130,300.0,Quick Bites
Namma Kudla,JP Nagar,Indian,4.0,200,400.0,Quick Bites
Waah Biryani,JP Nagar,Indian,3.8,117,350.0,Quick Bites
Kabab Mehal,JP Nagar,Indian,3.8,234,400.0,Quick Bites
Swathi Restaurant,JP Nagar,Indian,3.8,49,400.0,Quick Bites
White Horse,JP Nagar,Indian,3.8,179,400.0,Quick Bites
Jaganath Restaurant And Hotel,JP Nagar,Indian,3.2,8,300.0,Quick Bites
Aditya Uphar,JP Nagar,Indian,3.5,30,200.0,Quick Bites
Sri Krishna Sagar,JP Nagar,Indian,3.0,54,300.0,Quick Bites
Amritsari Kulcha Land,JP Nagar,Indian,4.0,260,300.0,Quick Bites
Mavalli Tiffin Room (MTR),JP Nagar,Indian,4.1,873,300.0,Quick Bites
Dakshin Cafe,JP Nagar,Indian,4.1,140,100.0,Quick Bites
Tasty Bites,JP Nagar,Indian,3.8,217,450.0,Quick Bites
Faasos,JP Nagar,Indian,3.9,313,500.0,Quick Bites
Sri Rajasthani Foods,JP Nagar,Indian,3.6,10,200.0,Quick Bites
Sri Raghavendra Davanagere Benne Dose Hotel,JP Nagar,Indian,4.0,36,200.0,Quick Bites
B.M.W Bhookh Mitaane Wala,JP Nagar,Indian,3.6,12,500.0,Quick Bites
The Foodyz,JP Nagar,Indian,3.7,43,500.0,Quick Bites
Dosa Bazaar,JP Nagar,Indian,4.0,113,200.0,Quick Bites
The little Kitchen,JP Nagar,Indian,3.4,5,300.0,Quick Bites
Bramhin Tiffins,JP Nagar,Indian,3.6,12,150.0,Quick Bites
Roll N Rock,JP Nagar,Indian,3.7,33,400.0,Quick Bites
New Udupi Grand,JP Nagar,Indian,3.5,47,300.0,Quick Bites
Nammura Upahara,JP Nagar,Indian,3.8,40,100.0,Quick Bites
Bhukkhad Baba,JP Nagar,Indian,3.7,132,250.0,Quick Bites
Pushpa Darshini,JP Nagar,Indian,3.6,20,100.0,Quick Bites
Punjabi Food Corner,JP Nagar,Indian,3.0,354,400.0,Quick Bites
Paratha Plaza,JP Nagar,Indian,3.8,171,250.0,Quick Bites
Mirch Masala,JP Nagar,Indian,3.4,6,500.0,Quick Bites
Ningi Family Restaurant,JP Nagar,Indian,3.5,10,400.0,Quick Bites
Prasiddhi Food Corner,JP Nagar,Indian,3.7,171,200.0,Quick Bites
Grills & Rolls,JP Nagar,Indian,2.5,321,400.0,Quick Bites
Atithi Biryani Corner,JP Nagar,Indian,3.3,4,200.0,Quick Bites
Chaitanya Cafe,JP Nagar,Indian,3.9,92,300.0,Quick Bites
SLV Restaurant,JP Nagar,Indian,4.2,378,300.0,Quick Bites
Keshava Kabab Centre,JP Nagar,Indian,3.2,7,200.0,Quick Bites
Udupi Upachar,JP Nagar,Indian,3.3,13,300.0,Quick Bites
Sree Krishna Kafe,JP Nagar,Indian,3.9,115,200.0,Quick Bites
Vinaya Cafe,JP Nagar,Indian,3.7,55,200.0,Quick Bites
Dal Roti,JP Nagar,Indian,3.7,117,150.0,Quick Bites
Bengalooru Tiffany's,JP Nagar,Indian,3.1,39,400.0,Quick Bites
Gowdru Mane Oota,JP Nagar,Indian,3.7,82,400.0,Quick Bites
Melting Pot at Woodrose,JP Nagar,Indian,3.7,19,800.0,Quick Bites
Kesar Restaurant,JP Nagar,Indian,3.6,48,200.0,Quick Bites
Gopal Kabab Centre,JP Nagar,Indian,3.3,4,350.0,Quick Bites
Hotel Coorg Style,JP Nagar,Indian,3.1,9,350.0,Quick Bites
Nandi Bidadi Thatte Idli,JP Nagar,Indian,2.9,33,100.0,Quick Bites
Gowdru Military Hotel,JP Nagar,Indian,3.2,5,300.0,Quick Bites
Akshaya Donne Biriyani,JP Nagar,Indian,3.0,39,300.0,Quick Bites
Ande Ka Funda,JP Nagar,Indian,3.1,22,250.0,Quick Bites
SLV Upahara,JP Nagar,Indian,3.5,4,200.0,Quick Bites
Impala Biryani,JP Nagar,Indian,3.2,4,150.0,Quick Bites
SB FOODS,JP Nagar,Indian,3.3,4,250.0,Quick Bites
Tandoori Spot,JP Nagar,Indian,3.5,13,500.0,Quick Bites
Thindi Mane,JP Nagar,Indian,3.4,6,300.0,Quick Bites
South Indian Kitchen,JP Nagar,Indian,3.3,6,300.0,Quick Bites
Special Biriyani,JP Nagar,Indian,2.9,4,300.0,Quick Bites
Samosa Singh,JP Nagar,Indian,3.5,4,250.0,Quick Bites
Nati Palace,JP Nagar,Indian,3.5,11,200.0,Quick Bites
Banashankari Nati Style,JP Nagar,Indian,3.6,8,300.0,Quick Bites
Halli Mane MUDDE OOTA,JP Nagar,Indian,3.5,14,300.0,Quick Bites
The Krishna Grand Xpress,Jayanagar,Indian,4.0,137,350.0,Quick Bites
Kabab Magic,Jayanagar,Indian,4.0,958,500.0,Quick Bites
Uttar Karnataka Meals Restaurant,Jayanagar,Indian,3.7,26,200.0,Quick Bites
Mysuru Coffee Thindi,Jayanagar,Indian,4.1,303,200.0,Quick Bites
Brahmin Tiffins & Coffee,Jayanagar,Indian,4.2,424,100.0,Quick Bites
Ishta Cafe,Jayanagar,Indian,3.9,42,500.0,Quick Bites
Kalpavriksha Upahara,Jayanagar,Indian,3.9,126,400.0,Quick Bites
MDP Coffee House,Jayanagar,Indian,3.8,37,200.0,Quick Bites
New Udupi Upahar,Jayanagar,Indian,3.5,23,300.0,Quick Bites
Nandhi Andhra Style Family Restaurant,Jayanagar,Indian,3.4,13,400.0,Quick Bites
Sri Sai 99 Variety Dosa,Jayanagar,Indian,3.6,38,300.0,Quick Bites
Raghavendra Upahara,Jayanagar,Indian,3.7,20,200.0,Quick Bites
Jayanagara Donne Biryani,Jayanagar,Indian,3.6,60,400.0,Quick Bites
Kaapi Kendra,Jayanagar,Indian,3.7,16,100.0,Quick Bites
Chef Master,Jayanagar,Indian,3.8,75,300.0,Quick Bites
Anda Ka Funda,Jayanagar,Indian,3.1,14,300.0,Quick Bites
Pappu Da Dhaba,Jayanagar,Indian,3.0,57,400.0,Quick Bites
Upahara Darshini,Jayanagar,Indian,4.0,166,400.0,Quick Bites
Halli Rotti Manne,Jayanagar,Indian,3.4,9,100.0,Quick Bites
Shiv Shakthi,HSR,Indian,4.0,176,100.0,Quick Bites
Hotel Manu,HSR,Indian,3.9,341,400.0,Quick Bites
New Punjabi Dhaba,HSR,Indian,3.9,783,300.0,Quick Bites
Shree Muthahalli Veg,HSR,Indian,4.2,848,300.0,Quick Bites
Bihar Ki Shan,HSR,Indian,3.8,348,300.0,Quick Bites
99 Variety Dosa and Pav Bhaji,HSR,Indian,4.0,101,250.0,Quick Bites
Nandhanam Restaurant,HSR,Indian,3.8,7,300.0,Quick Bites
Hotel Salam,HSR,Indian,4.1,129,400.0,Quick Bites
South Tiffins,HSR,Indian,3.6,144,150.0,Quick Bites
Asha Tiffins,HSR,Indian,4.3,283,150.0,Quick Bites
Vijayalakshmi Veg,Jayanagar,Indian,3.9,99,200.0,Quick Bites
Yo! Thali,HSR,Indian,3.5,6,400.0,Quick Bites
Moolehatti Donne Biryani Mane,HSR,Indian,3.6,218,400.0,Quick Bites
Donne Biriyani House,HSR,Indian,3.2,74,400.0,Quick Bites
Mandya Gowdru Donne Biriyani,HSR,Indian,3.8,282,350.0,Quick Bites
New Udupi Grand,HSR,Indian,3.7,36,250.0,Quick Bites
Indori Zaika,HSR,Indian,2.8,106,300.0,Quick Bites
The Rasaganga,HSR,Indian,3.9,163,300.0,Quick Bites
Nagas,HSR,Indian,3.0,7,300.0,Quick Bites
Bangalore Cafe,HSR,Indian,3.7,197,400.0,Quick Bites
Sri Krishna Sagar,HSR,Indian,3.5,235,400.0,Quick Bites
Davanagere Benne Dose,HSR,Indian,3.9,106,150.0,Quick Bites
Dr. Shawarma,HSR,Indian,3.5,4,200.0,Quick Bites
HSR SLV Fast Food,HSR,Indian,3.7,34,200.0,Quick Bites
Juice Junction Food Court,HSR,Indian,3.8,212,200.0,Quick Bites
The Mylapore Cafe,HSR,Indian,4.1,121,200.0,Quick Bites
RotiCurry,HSR,Indian,3.2,28,300.0,Quick Bites
The Tandoori Chai,HSR,Indian,3.9,61,400.0,Quick Bites
New Punjabi Pure Veg Restaurant,HSR,Indian,3.5,10,300.0,Quick Bites
Southinn,HSR,Indian,3.8,191,250.0,Quick Bites
Nellore Abhiruchi,HSR,Indian,3.3,7,300.0,Quick Bites
Spicy Kitchen,HSR,Indian,3.8,64,500.0,Quick Bites
Sri Gurudev Darshini,HSR,Indian,3.5,13,150.0,Quick Bites
Desi Chopstick,HSR,Indian,3.8,37,400.0,Quick Bites
Mak n Vak - Fyn,HSR,Indian,3.9,337,500.0,Quick Bites
Navya Foods,HSR,Indian,3.4,7,300.0,Quick Bites
Tawa Ghar Ka,HSR,Indian,3.8,331,350.0,Quick Bites
Mumbai Tiffin,HSR,Indian,4.4,1290,400.0,Quick Bites
Tharavadu,HSR,Indian,3.8,83,400.0,Quick Bites
Raichur Biryani House,HSR,Indian,3.8,283,400.0,Quick Bites
Hello Brother Hotel,HSR,Indian,3.4,6,300.0,Quick Bites
Hotel Tanish,HSR,Indian,3.7,15,250.0,Quick Bites
Hotel Reddy Bhavan,HSR,Indian,3.4,11,300.0,Quick Bites
Intriicake,HSR,Indian,3.8,34,350.0,"Quick Bites, Bakery"
GrannyzHut,HSR,Indian,3.4,8,350.0,Quick Bites
Homifoo,HSR,Indian,3.5,11,300.0,Quick Bites
Zodiac Grills,HSR,Indian,3.2,4,500.0,Quick Bites
Krishna Grand,HSR,Indian,3.2,42,200.0,Quick Bites
Murli,HSR,Indian,3.7,79,500.0,Quick Bites
Purani Dilli,HSR,Indian,3.2,4,300.0,Quick Bites
Ambur Biryani,HSR,Indian,3.2,5,450.0,Quick Bites
Grand Chillies,HSR,Indian,3.4,7,400.0,Quick Bites
Kakatiya's,HSR,Indian,3.1,6,250.0,Quick Bites
Intriicake,HSR,Indian,3.8,34,350.0,"Quick Bites, Bakery"
Raghavendra Tiffin,HSR,Indian,4.4,228,150.0,Quick Bites
Navya Foods,HSR,Indian,3.4,7,300.0,Quick Bites
Tawa Ghar Ka,HSR,Indian,3.8,331,350.0,Quick Bites
Davanagere Benne Dose,HSR,Indian,3.9,106,150.0,Quick Bites
Hotel Manu,HSR,Indian,3.8,341,400.0,Quick Bites
GrannyzHut,HSR,Indian,3.4,8,350.0,Quick Bites
Kabab Magic,HSR,Indian,3.1,283,500.0,Quick Bites
New Udupi Grand,HSR,Indian,3.6,36,250.0,Quick Bites
Mandya Gowdru Donne Biriyani,HSR,Indian,3.8,283,350.0,Quick Bites
Yo! Thali,HSR,Indian,3.5,6,400.0,Quick Bites
Kakatiya's,HSR,Indian,3.1,6,250.0,Quick Bites
Nandhanam Restaurant,HSR,Indian,3.8,8,300.0,Quick Bites
Mak n Vak - Fyn,HSR,Indian,3.9,338,500.0,Quick Bites
Hotel Reddy Bhavan,HSR,Indian,3.4,11,300.0,Quick Bites
Murli,HSR,Indian,3.7,79,500.0,Quick Bites
Purani Dilli,HSR,Indian,3.2,4,300.0,Quick Bites
Ambur Biryani,HSR,Indian,3.2,5,450.0,Quick Bites
Hotel Manu,HSR,Indian,3.8,342,400.0,Quick Bites
Shree Muthahalli Veg,HSR,Indian,4.2,850,300.0,Quick Bites
Madeena Hotel,HSR,Indian,3.9,240,400.0,Quick Bites
South Tiffins,HSR,Indian,3.6,144,150.0,Quick Bites
Nandhanam Restaurant,HSR,Indian,3.8,8,300.0,Quick Bites
Kabab Magic,Jayanagar,Indian,4.0,964,500.0,Quick Bites
Hotel Salam,HSR,Indian,4.1,130,400.0,Quick Bites
Asha Tiffins,HSR,Indian,4.3,286,150.0,Quick Bites
Tharavadu,HSR,Indian,3.9,84,400.0,Quick Bites
Yo! Thali,HSR,Indian,3.5,6,400.0,Quick Bites
Vijayalakshmi Veg,Jayanagar,Indian,3.9,100,200.0,Quick Bites
Moolehatti Donne Biryani Mane,HSR,Indian,3.6,218,400.0,Quick Bites
New Udupi Grand,HSR,Indian,3.6,36,250.0,Quick Bites
Mandya Gowdru Donne Biriyani,HSR,Indian,3.8,283,350.0,Quick Bites
The Rasaganga,HSR,Indian,3.9,163,300.0,Quick Bites
Desi Chopstick,HSR,Indian,3.8,37,400.0,Quick Bites
Nagas,HSR,Indian,3.0,7,300.0,Quick Bites
Raichur Biryani House,HSR,Indian,3.8,283,400.0,Quick Bites
Tawa Ghar Ka,HSR,Indian,3.8,331,350.0,Quick Bites
The Mylapore Cafe,HSR,Indian,4.1,121,200.0,Quick Bites
Jayanagara Donne Biryani,Jayanagar,Indian,3.6,62,400.0,Quick Bites
Sri Rajasthani Foods,JP Nagar,Indian,3.6,12,200.0,Quick Bites
Southinn,HSR,Indian,3.8,191,250.0,Quick Bites
Fanoos Xprss,Jayanagar,Indian,3.7,54,400.0,Quick Bites
Sri Gurudev Darshini,HSR,Indian,3.5,13,150.0,Quick Bites
Spicy Kitchen,HSR,Indian,3.8,64,500.0,Quick Bites
Hotel Reddy Bhavan,HSR,Indian,3.4,11,300.0,Quick Bites
Homifoo,HSR,Indian,3.5,11,300.0,Quick Bites
Kalpavriksha Upahara,Jayanagar,Indian,3.9,127,400.0,Quick Bites
Dr. Shawarma,HSR,Indian,3.5,4,200.0,Quick Bites
Vinaya Cafe,Jayanagar,Indian,3.4,11,200.0,Quick Bites
Navya Foods,HSR,Indian,3.4,7,300.0,Quick Bites
GrannyzHut,HSR,Indian,3.4,8,350.0,Quick Bites
Mak n Vak - Fyn,HSR,Indian,3.9,338,500.0,Quick Bites
Davanagere Benne Dose,HSR,Indian,3.9,106,150.0,Quick Bites
Chef Master,Jayanagar,Indian,3.8,76,300.0,Quick Bites
Upahara Sagar,Jayanagar,Indian,2.9,25,300.0,Quick Bites
Grand Chillies,HSR,Indian,3.4,7,400.0,Quick Bites
Adithya,Jayanagar,Indian,3.2,9,400.0,Quick Bites
Sk Grand Hotel,Jayanagar,Indian,3.2,6,400.0,Quick Bites
Intriicake,HSR,Indian,3.8,34,350.0,"Quick Bites, Bakery"
Kakatiya's,HSR,Indian,3.1,6,250.0,Quick Bites
Navya Foods,HSR,Indian,3.4,7,300.0,Quick Bites
GrannyzHut,HSR,Indian,3.4,8,350.0,Quick Bites
New Udupi Grand,HSR,Indian,3.7,36,250.0,Quick Bites
Vijayalakshmi Veg,Jayanagar,Indian,3.9,100,200.0,Quick Bites
Yo! Thali,HSR,Indian,3.5,6,400.0,Quick Bites
Nandhanam Restaurant,HSR,Indian,3.8,8,300.0,Quick Bites
Hotel Manu,HSR,Indian,3.8,342,400.0,Quick Bites
Nandhanam Restaurant,HSR,Indian,3.8,8,300.0,Quick Bites
Bihar Ki Shan,HSR,Indian,3.8,351,300.0,Quick Bites
Asha Tiffins,HSR,Indian,4.3,286,150.0,Quick Bites
New Udupi Grand,HSR,Indian,3.7,36,250.0,Quick Bites
Desi Chopstick,HSR,Indian,3.8,37,400.0,Quick Bites
Vijayalakshmi Veg,Jayanagar,Indian,3.9,100,200.0,Quick Bites
The Rasaganga,HSR,Indian,3.9,160,300.0,Quick Bites
Moolehatti Donne Biryani Mane,HSR,Indian,3.6,218,400.0,Quick Bites
Nagas,HSR,Indian,3.0,7,300.0,Quick Bites
Tawa Ghar Ka,HSR,Indian,3.8,331,350.0,Quick Bites
The Mylapore Cafe,HSR,Indian,4.1,121,200.0,Quick Bites
Dr. Shawarma,HSR,Indian,3.5,4,200.0,Quick Bites
Yo! Thali,HSR,Indian,3.5,6,400.0,Quick Bites
Mak n Vak - Fyn,HSR,Indian,3.9,338,500.0,Quick Bites
Southinn,HSR,Indian,3.8,191,250.0,Quick Bites
Jayanagara Donne Biryani,Jayanagar,Indian,3.6,62,400.0,Quick Bites
South Tiffins,HSR,Indian,3.5,144,150.0,Quick Bites
Homifoo,HSR,Indian,3.5,11,300.0,Quick Bites
All Aromas,Jayanagar,Indian,3.4,6,400.0,Quick Bites
Hotel Reddy Bhavan,HSR,Indian,3.4,11,300.0,Quick Bites
Spicy Kitchen,HSR,Indian,3.8,64,500.0,Quick Bites
Navya Foods,HSR,Indian,3.4,7,300.0,Quick Bites
Mandya Gowdru Donne Biriyani,HSR,Indian,3.8,283,350.0,Quick Bites
Davanagere Benne Dose,HSR,Indian,3.9,106,150.0,Quick Bites
GrannyzHut,HSR,Indian,3.4,8,350.0,Quick Bites
Intriicake,HSR,Indian,3.8,34,350.0,"Quick Bites, Bakery"
Chef Master,Jayanagar,Indian,3.8,76,300.0,Quick Bites
Adithya,Jayanagar,Indian,3.2,9,400.0,Quick Bites
Upahara Sagar,Jayanagar,Indian,2.9,25,300.0,Quick Bites
Kakatiya's,HSR,Indian,3.1,6,250.0,Quick Bites
Sk Grand Hotel,Jayanagar,Indian,3.2,6,400.0,Quick Bites
Navya Foods,HSR,Indian,3.4,8,300.0,Quick Bites
Nandhanam Restaurant,HSR,Indian,3.8,8,300.0,Quick Bites
GrannyzHut,HSR,Indian,3.4,8,350.0,Quick Bites
New Udupi Grand,HSR,Indian,3.6,36,250.0,Quick Bites
Yo! Thali,HSR,Indian,3.3,7,400.0,Quick Bites
Hotel Manu,HSR,Indian,3.8,342,400.0,Quick Bites
Nandhanam Restaurant,HSR,Indian,3.8,8,300.0,Quick Bites
Kabab Magic,Jayanagar,Indian,4.0,966,500.0,Quick Bites
Mysuru Coffee Thindi,Jayanagar,Indian,4.1,312,200.0,Quick Bites
Wahab,Jayanagar,Indian,3.7,97,350.0,Quick Bites
Namma Brahmin's Idli,Jayanagar,Indian,3.7,38,100.0,Quick Bites
Asha Tiffins,HSR,Indian,4.3,287,150.0,Quick Bites
Kedia's Fun Food,Jayanagar,Indian,4.3,635,200.0,Quick Bites
Upahara Darshini,Jayanagar,Indian,3.9,340,400.0,Quick Bites
New Udupi Grand,HSR,Indian,3.6,36,250.0,Quick Bites
Bangalore Agarwal Bhavan,Jayanagar,Indian,3.9,141,400.0,Quick Bites
Desi Chopstick,HSR,Indian,3.8,37,400.0,Quick Bites
Vijayalakshmi Veg,Jayanagar,Indian,3.9,100,200.0,Quick Bites
Sri Sai 99 Variety Dosa,Jayanagar,Indian,3.6,38,300.0,Quick Bites
Nagas,HSR,Indian,3.0,7,300.0,Quick Bites
Tawa Ghar Ka,HSR,Indian,3.8,331,350.0,Quick Bites
The Mylapore Cafe,HSR,Indian,4.1,121,200.0,Quick Bites
Vakulaa Veg Restaurant,Jayanagar,Indian,3.9,53,200.0,Quick Bites
Fanoos Xprss,Jayanagar,Indian,3.7,54,400.0,Quick Bites
Yo! Thali,HSR,Indian,3.3,7,400.0,Quick Bites
Ishta Cafe,Jayanagar,Indian,3.9,42,500.0,Quick Bites
Sri Rajasthani Foods,JP Nagar,Indian,3.6,12,200.0,Quick Bites
Jayanagara Donne Biryani,Jayanagar,Indian,3.6,62,400.0,Quick Bites
South Tiffins,HSR,Indian,3.5,144,150.0,Quick Bites
All Aromas,Jayanagar,Indian,3.4,6,400.0,Quick Bites
Nandhanus Rasoi,Jayanagar,Indian,3.4,9,200.0,Quick Bites
Hotel Reddy Bhavan,HSR,Indian,3.4,11,300.0,Quick Bites
Kalpavriksha Upahara,Jayanagar,Indian,4.0,128,400.0,Quick Bites
Kaapi Kendra,Jayanagar,Indian,3.7,17,100.0,Quick Bites
Vinaya Cafe,Jayanagar,Indian,3.4,11,200.0,Quick Bites
Nandhi Andhra Style Family Restaurant,Jayanagar,Indian,3.4,14,400.0,Quick Bites
Navya Foods,HSR,Indian,3.4,8,300.0,Quick Bites
Pappu Da Dhaba,Jayanagar,Indian,3.0,58,400.0,Quick Bites
Maiyas,Jayanagar,Indian,4.0,1785,200.0,Quick Bites
GrannyzHut,HSR,Indian,3.4,8,350.0,Quick Bites
Food Springs,Jayanagar,Indian,4.0,233,400.0,Quick Bites
Davangere Benna Dose Hotel,Jayanagar,Indian,4.1,92,100.0,Quick Bites
Chef Master,Jayanagar,Indian,3.8,76,300.0,Quick Bites
Adithya,Jayanagar,Indian,3.2,9,400.0,Quick Bites
Upahara Sagar,Jayanagar,Indian,3.0,25,300.0,Quick Bites
UNIK Food,Jayanagar,Indian,3.3,4,300.0,Quick Bites
Kolkata Restaurant,Jayanagar,Indian,3.0,7,300.0,Quick Bites
Sk Grand Hotel,Jayanagar,Indian,3.2,6,400.0,Quick Bites
Empark Inn Restaurant,Jayanagar,Indian,3.7,38,350.0,Quick Bites
Navya Foods,HSR,Indian,3.4,8,300.0,Quick Bites
All Aromas,Jayanagar,Indian,3.5,6,400.0,Quick Bites
Vijayalakshmi Veg,Jayanagar,Indian,3.9,100,200.0,Quick Bites
Yo! Thali,HSR,Indian,3.3,7,400.0,Quick Bites
Upahara Sagar,Jayanagar,Indian,2.9,25,300.0,Quick Bites
Sk Grand Hotel,Jayanagar,Indian,3.2,6,400.0,Quick Bites
Jayanagara Donne Biryani,Jayanagar,Indian,3.6,62,400.0,Quick Bites
Chef Master,Jayanagar,Indian,3.8,76,300.0,Quick Bites
Adithya,Jayanagar,Indian,3.2,9,400.0,Quick Bites
Kolkata Restaurant,Jayanagar,Indian,3.0,7,300.0,Quick Bites
Mulabagilu Dosa,Basavanagudi,Indian,3.6,13,100.0,Quick Bites
Lalbagh Grand,Basavanagudi,Indian,3.0,23,250.0,Quick Bites
Shreyas Upahar & Burger Point,Basavanagudi,Indian,3.1,8,200.0,Quick Bites
By 2 Coffee,Basavanagudi,Indian,4.0,25,100.0,Quick Bites
Sri Krishna Darshini,Basavanagudi,Indian,3.1,4,200.0,Quick Bites
Rajastani Rasoi,Basavanagudi,Indian,3.2,6,100.0,Quick Bites
Kamat Minerva,Basavanagudi,Indian,2.6,72,300.0,Quick Bites
Halli Mane,Majestic,Indian,3.2,5,300.0,Quick Bites
Lakshmi Natraja Refreshments,Majestic,Indian,4.3,206,150.0,Quick Bites
IDC Kitchen,Majestic,Indian,4.1,60,200.0,Quick Bites
Mudde Madappa Mess,Majestic,Indian,4.1,91,150.0,Quick Bites
Food Court,Majestic,Indian,3.3,4,300.0,Quick Bites
Shivaji Maratha Hotel,Majestic,Indian,3.4,10,400.0,Quick Bites
New Udupi Anand Bhavan,Basavanagudi,Indian,3.4,5,150.0,Quick Bites
Savi Sagar,Majestic,Indian,3.4,10,400.0,Quick Bites
New Mathura Grand,Majestic,Indian,3.2,4,300.0,Quick Bites
Halli Mane,Majestic,Indian,3.2,5,300.0,Quick Bites
HOTEL JANATHA,Majestic,Indian,3.4,5,150.0,Quick Bites
Nisarga Restaurant,Majestic,Indian,3.3,6,350.0,Quick Bites
Atithi Satkaar,Majestic,Indian,3.2,8,150.0,Quick Bites
Praja Thindi,Majestic,Indian,3.7,24,200.0,Quick Bites
Coffee House,Majestic,Indian,3.3,6,150.0,Quick Bites
Sukh Sagar Food Court,Majestic,Indian,3.8,54,350.0,Quick Bites
Halli Mane,Majestic,Indian,3.2,5,300.0,Quick Bites
Indian Aroma Cafe,Whitefield,Indian,2.8,84,300.0,Quick Bites
Punjab Di Rasoi,Whitefield,Indian,3.3,4,400.0,Quick Bites
The Combo House,Whitefield,Indian,3.3,8,500.0,Quick Bites
The Early bell,Whitefield,Indian,3.9,195,300.0,Quick Bites
nu.tree,Whitefield,Indian,4.3,178,400.0,"Quick Bites, Beverage Shop"
Night Diaries,Whitefield,Indian,3.1,16,300.0,Quick Bites
JLT Food,Whitefield,Indian,3.6,23,450.0,Quick Bites
Yumatos,Whitefield,Indian,3.4,8,500.0,Quick Bites
Kaka Food Corner,Whitefield,Indian,3.4,89,300.0,Quick Bites
Foodishq,Whitefield,Indian,3.7,72,450.0,Quick Bites
Mother's Food,Whitefield,Indian,3.8,63,200.0,Quick Bites
Fusion Panda,Whitefield,Indian,3.5,11,300.0,"Casual Dining, Quick Bites"
Maa Durga Restaurant,Whitefield,Indian,3.2,4,300.0,Quick Bites
Kaka Food Corner,Whitefield,Indian,3.4,89,300.0,Quick Bites
Maa Durga Restaurant,Whitefield,Indian,3.2,4,300.0,Quick Bites
The Combo House,Whitefield,Indian,3.3,8,500.0,Quick Bites
Halli Mane,Majestic,Indian,3.2,5,300.0,Quick Bites
Kaulige Millet Corner,Basavanagudi,Indian,3.3,4,150.0,Quick Bites
Ganesh Grand,Basavanagudi,Indian,3.7,31,300.0,Quick Bites
Cauvery Punjabi Khana,Majestic,Indian,3.4,11,300.0,Quick Bites
Halli Mane,Majestic,Indian,3.2,5,300.0,Quick Bites
Neethus Kitchen & Restaurant,Majestic,Indian,2.9,11,400.0,Quick Bites
Utsava Grand,Majestic,Indian,3.6,14,300.0,Quick Bites
Hare Krishna,Majestic,Indian,2.9,16,300.0,Quick Bites
Cauvery Punjabi Khana,Majestic,Indian,3.4,11,300.0,Quick Bites
Pavana Veg Restaurant,Majestic,Indian,3.1,12,300.0,Quick Bites
Hotel Shri Raghavendra,Majestic,Indian,3.0,6,150.0,Quick Bites
Donne Biriyani Mane,Majestic,Indian,2.8,28,300.0,Quick Bites
Rajastani Rasoi,Basavanagudi,Indian,3.2,6,100.0,Quick Bites
Lalbagh Grand,Basavanagudi,Indian,3.1,23,250.0,Quick Bites
Kamat Minerva,Basavanagudi,Indian,2.6,72,300.0,Quick Bites
Sri Krishna Darshini,Basavanagudi,Indian,3.1,4,200.0,Quick Bites
By 2 Coffee,Basavanagudi,Indian,4.0,26,100.0,Quick Bites
Halli Mane,Majestic,Indian,3.2,5,300.0,Quick Bites
Lakshmi Natraja Refreshments,Majestic,Indian,4.3,205,150.0,Quick Bites
New Udupi Anand Bhavan,Basavanagudi,Indian,3.4,5,150.0,Quick Bites
Atithi Satkaar,Majestic,Indian,3.2,8,150.0,Quick Bites
Coffee House,Majestic,Indian,3.3,6,150.0,Quick Bites
FreshPhulka,HSR,Indian,3.8,24,150.0,Quick Bites
Punjabi Nukkad Pure Veg,HSR,Indian,4.0,795,500.0,Quick Bites
Fun Kitchen,HSR,Indian,3.6,103,400.0,Quick Bites
Udupi Bhavan,HSR,Indian,3.8,184,400.0,Quick Bites
Indori Zaika,HSR,Indian,2.9,107,300.0,Quick Bites
Sri Krishna Sagar,HSR,Indian,3.5,237,400.0,Quick Bites
Petoo,HSR,Indian,4.1,105,800.0,Quick Bites
Juice Junction Food Court,HSR,Indian,3.8,215,200.0,Quick Bites
Chaat Express,HSR,Indian,3.4,15,200.0,Quick Bites
Pavan Tiffin Center,HSR,Indian,3.3,9,300.0,Quick Bites
Lassi Cafe,HSR,Indian,3.8,45,300.0,"Beverage Shop, Quick Bites"
Second Wife Cafe,HSR,Indian,3.7,61,400.0,Quick Bites
Punjabi Handi,HSR,Indian,2.9,19,400.0,Quick Bites
Mak n Vak - Fyn,HSR,Indian,3.9,342,500.0,Quick Bites
Night Diaries,Whitefield,Indian,3.1,16,300.0,Quick Bites
Zaikedar Kitchen,HSR,Indian,3.3,18,400.0,Quick Bites
Foodzoo,HSR,Indian,3.6,123,300.0,Quick Bites
Imperio Cafe,Whitefield,Indian,3.9,24,200.0,Quick Bites
Friend's Own,Whitefield,Indian,3.2,55,300.0,Quick Bites
Foodies Delight,Whitefield,Indian,3.8,184,400.0,Quick Bites
Sri Sai Palace,Whitefield,Indian,3.8,88,300.0,Quick Bites
Woodfire Biryani,Whitefield,Indian,3.4,47,250.0,Quick Bites
Vijayas Biryani Palace,Whitefield,Indian,3.8,36,400.0,Quick Bites
Food Mood,Whitefield,Indian,3.7,53,350.0,Quick Bites
Sri Udupi Park,Whitefield,Indian,3.8,16,300.0,Quick Bites
Abhiruchi Restaurant,Whitefield,Indian,3.7,173,550.0,Quick Bites
Roti Ghar Ki,Whitefield,Indian,4.0,132,400.0,Quick Bites
Faasos,Whitefield,Indian,4.0,206,500.0,Quick Bites
Udupi Cafe,Whitefield,Indian,3.6,12,300.0,Quick Bites
Dehati Murgee,Whitefield,Indian,4.0,155,600.0,Quick Bites
New Udupi Delicacy,Whitefield,Indian,3.9,91,250.0,Quick Bites
U.P. Dhaba,Whitefield,Indian,2.8,514,350.0,Quick Bites
nu.tree,Whitefield,Indian,4.3,185,400.0,"Quick Bites, Beverage Shop"
Sree Krishna Kafe,Whitefield,Indian,3.7,55,200.0,Quick Bites
Biriyani Section,Whitefield,Indian,3.7,28,300.0,Quick Bites
The Early bell,Whitefield,Indian,3.9,197,300.0,Quick Bites
Rishitha Restaurant,Whitefield,Indian,3.8,90,500.0,Quick Bites
Shan-e-Punjabi Express,Whitefield,Indian,3.1,76,400.0,Quick Bites
Reddy's Restaurant,Whitefield,Indian,3.1,35,400.0,Quick Bites
Petuk,Whitefield,Indian,3.7,78,400.0,Quick Bites
Andal Mess,Whitefield,Indian,3.6,24,300.0,Quick Bites
Best In Klass,Whitefield,Indian,3.2,47,200.0,Quick Bites
Hunger Stop,Whitefield,Indian,3.7,102,300.0,Quick Bites
Hotel Uttam Sagar,Whitefield,Indian,3.6,7,400.0,Quick Bites
New Punjabi Tasty Khana,Whitefield,Indian,3.0,176,400.0,Quick Bites
Aryan's Kitchen,Whitefield,Indian,3.1,97,500.0,Quick Bites
Mother's Food,Whitefield,Indian,3.8,63,200.0,Quick Bites
Taste Of India Family Restaurant,Whitefield,Indian,3.2,232,400.0,Quick Bites
Grill Point,Whitefield,Indian,2.9,30,500.0,Quick Bites
Punjab Di Rasoi,Whitefield,Indian,3.3,5,400.0,Quick Bites
Maa Durga Restaurant,Whitefield,Indian,3.2,4,300.0,Quick Bites
Hotel Triloka,Whitefield,Indian,3.3,7,400.0,Quick Bites
Windy- Taste Of Home,Whitefield,Indian,3.6,112,300.0,Quick Bites
Foodishq,Whitefield,Indian,3.7,72,450.0,Quick Bites
Mithai Time,Whitefield,Indian,3.0,56,200.0,"Sweet Shop, Quick Bites"
Tandooriwala,Whitefield,Indian,2.7,24,700.0,"Food Court, Quick Bites"
Kabab Mandra,Whitefield,Indian,2.7,165,300.0,Quick Bites
Dilli Dil Se,Whitefield,Indian,3.6,20,400.0,Quick Bites
Kaka Food Corner,Whitefield,Indian,3.4,89,300.0,Quick Bites
Dilli Galli,Whitefield,Indian,3.6,43,200.0,Quick Bites
Vegtaurant,Whitefield,Indian,3.7,88,300.0,Quick Bites
Shyam's Lunch Box,Whitefield,Indian,3.2,9,300.0,Quick Bites
Treat Restaurant,Whitefield,Indian,2.8,32,400.0,Quick Bites
Krutunga Restaurant,Whitefield,Indian,3.0,52,400.0,Quick Bites
Basmati Restaurant,Whitefield,Indian,3.4,23,350.0,Quick Bites
JLT Food,Whitefield,Indian,3.6,23,450.0,Quick Bites
Taishty,Whitefield,Indian,3.7,66,200.0,Quick Bites
Biting Junction,Whitefield,Indian,3.9,119,350.0,Quick Bites
Hoodi Baba A Str-eat Caff,Whitefield,Indian,3.7,38,300.0,Quick Bites
Delhi Walle,Whitefield,Indian,3.7,118,300.0,Quick Bites
Punjabi Kitchen,Whitefield,Indian,3.6,205,400.0,Quick Bites
Kamat Yatrinivas,Whitefield,Indian,3.0,241,500.0,Quick Bites
Spicy Andhra,Whitefield,Indian,3.2,4,500.0,Quick Bites
Indian Aroma Cafe,Whitefield,Indian,2.8,84,300.0,Quick Bites
Kabab Mirchi,Whitefield,Indian,3.5,46,350.0,Quick Bites
Fusion Panda,Whitefield,Indian,3.5,11,300.0,"Casual Dining, Quick Bites"
Nandi Mess - Feel Like Mom's,Whitefield,Indian,3.7,31,250.0,Quick Bites
Nisarga Restaurant,Whitefield,Indian,3.4,6,300.0,Quick Bites
Delhi Mahal,Whitefield,Indian,3.1,114,400.0,Quick Bites
Apna Hotel,Whitefield,Indian,3.5,26,300.0,Quick Bites
New Paratha Corner,Whitefield,Indian,3.9,176,350.0,Quick Bites
Desi Khana,Whitefield,Indian,3.3,10,300.0,Quick Bites
Hasee-E-Shan Makers Of Biryani,Whitefield,Indian,3.5,16,500.0,Quick Bites
Kshatriya's Kitchen,Whitefield,Indian,3.7,55,300.0,Quick Bites
Kidilum,Whitefield,Indian,3.8,210,350.0,Quick Bites
Punjab Junction,Whitefield,Indian,3.2,31,350.0,Quick Bites
Desi Doze,Whitefield,Indian,3.8,147,400.0,Quick Bites
Swadishta,Whitefield,Indian,3.4,7,200.0,Quick Bites
Sri Lakshmi Hotel,Whitefield,Indian,3.4,7,250.0,Quick Bites
Punjabi Park,Whitefield,Indian,2.9,25,400.0,Quick Bites
Night Diaries,Whitefield,Indian,3.1,16,300.0,Quick Bites
Mangalore Lunch Home,Whitefield,Indian,3.5,11,300.0,Quick Bites
Delhi Restaurant,Whitefield,Indian,3.6,196,350.0,Quick Bites
Ammi's Biryani,Whitefield,Indian,2.5,131,500.0,Quick Bites
Tadka Punjabi Restaurant,Whitefield,Indian,3.3,9,300.0,Quick Bites
F5,Whitefield,Indian,3.2,4,300.0,Quick Bites
The Village Restaurant,Whitefield,Indian,3.0,9,200.0,Quick Bites
Rafoo Chakkar,Whitefield,Indian,3.9,386,300.0,Quick Bites
Hotel Nisarga Restaurant,Whitefield,Indian,3.2,6,300.0,Quick Bites
Golden Food Palace,Whitefield,Indian,2.9,18,450.0,Quick Bites
PMR Restaurant,Whitefield,Indian,3.3,4,300.0,Quick Bites
Nawabi Handi,Whitefield,Indian,3.4,23,350.0,Quick Bites
Siddharth Restaurant,Whitefield,Indian,3.6,33,400.0,Quick Bites
Nawab-E-Khana,Whitefield,Indian,3.1,6,500.0,Quick Bites
Hangout Junction,Whitefield,Indian,3.6,28,400.0,Quick Bites
Swad Rajasthani Bhojanalaya,Whitefield,Indian,3.1,7,400.0,Quick Bites
Food Xpress,Whitefield,Indian,3.4,10,400.0,Quick Bites
Delhiciouss,Whitefield,Indian,3.7,24,300.0,Quick Bites
Punjabi Tadka,Whitefield,Indian,3.2,7,400.0,Quick Bites
Ande Ka Funda,Whitefield,Indian,3.1,8,250.0,Quick Bites
Golden Paradise,Whitefield,Indian,3.5,14,300.0,Quick Bites
Win's Restaurant,Whitefield,Indian,3.3,10,400.0,Quick Bites
New Taj Darbar,Whitefield,Indian,3.1,6,300.0,Quick Bites
Maa Bargabhima Restaurant,Whitefield,Indian,3.7,19,250.0,Quick Bites
Gali Parathae Wali,Whitefield,Indian,3.7,95,400.0,Quick Bites
Kitchen Rabbit,Whitefield,Indian,3.7,19,500.0,Quick Bites
Food Paradise,Whitefield,Indian,3.3,12,500.0,Quick Bites
Punjabi Kitchen,Whitefield,Indian,2.8,68,500.0,Quick Bites
Punjabi Family Dhaba,Whitefield,Indian,3.4,11,400.0,Quick Bites
The South,Whitefield,Indian,3.7,21,200.0,Quick Bites
Pot Biryani,Whitefield,Indian,3.1,113,600.0,Quick Bites
Curry Point,Whitefield,Indian,3.2,7,300.0,Quick Bites
Friendz Zone,Whitefield,Indian,3.6,39,400.0,Quick Bites
Andhra Ghumaghumalu,Whitefield,Indian,3.5,18,300.0,Quick Bites
BHR Foods,Whitefield,Indian,3.4,7,350.0,Quick Bites
We Foodie,Whitefield,Indian,2.6,21,300.0,Quick Bites
The IT Crowd,Whitefield,Indian,2.8,20,400.0,Quick Bites
Yumatos,Whitefield,Indian,3.4,8,500.0,Quick Bites
Zeee's,Whitefield,Indian,3.7,34,300.0,Quick Bites
NYS Kitchen,Whitefield,Indian,3.6,25,500.0,Quick Bites
RoadHouse Grill,Whitefield,Indian,3.8,99,450.0,Quick Bites
Grill Point,Whitefield,Indian,2.9,30,500.0,Quick Bites
Mithai Time,Whitefield,Indian,3.0,56,200.0,"Sweet Shop, Quick Bites"
Kabab Mandra,Whitefield,Indian,2.7,165,300.0,Quick Bites
Hasee-E-Shan Makers Of Biryani,Whitefield,Indian,3.5,16,500.0,Quick Bites
Punjabi Kitchen,Whitefield,Indian,3.6,205,400.0,Quick Bites
Treat Restaurant,Whitefield,Indian,2.8,32,400.0,Quick Bites
Hotel Triloka,Whitefield,Indian,3.3,7,400.0,Quick Bites
Gali Parathae Wali,Whitefield,Indian,3.7,95,400.0,Quick Bites
Punjabi Park,Whitefield,Indian,2.9,25,400.0,Quick Bites
Punjabi Tadka,Whitefield,Indian,3.2,7,400.0,Quick Bites
Mithai Time,Whitefield,Indian,3.0,56,200.0,"Sweet Shop, Quick Bites"
Friendz Zone,Whitefield,Indian,3.6,39,400.0,Quick Bites
Punjab Junction,Whitefield,Indian,3.2,31,350.0,Quick Bites
Dilli Dil Se,Whitefield,Indian,3.6,20,400.0,Quick Bites
Fusion Panda,Whitefield,Indian,3.5,11,300.0,"Casual Dining, Quick Bites"
Adupadi,Whitefield,Indian,2.9,25,450.0,Quick Bites
Golden Paradise,Whitefield,Indian,3.5,14,300.0,Quick Bites
Win's Restaurant,Whitefield,Indian,3.3,10,400.0,Quick Bites
Mooch Marod,Whitefield,Indian,4.5,504,350.0,Quick Bites
Dehati Murgee,Whitefield,Indian,4.0,155,600.0,Quick Bites
Dilli Galli,Whitefield,Indian,3.6,43,200.0,Quick Bites
JLT Food,Whitefield,Indian,3.6,23,450.0,Quick Bites
Woodfire Biryani,Whitefield,Indian,3.4,47,250.0,Quick Bites
Kidilum,Whitefield,Indian,3.8,210,350.0,Quick Bites
The Early bell,Whitefield,Indian,3.9,197,300.0,Quick Bites
Biting Junction,Whitefield,Indian,3.9,119,350.0,Quick Bites
New Punjabi Tasty Khana,Whitefield,Indian,3.0,176,400.0,Quick Bites
Chaat Junction,Whitefield,Indian,3.7,19,200.0,Quick Bites
Kshatriya's Kitchen,Whitefield,Indian,3.7,55,300.0,Quick Bites
Faasos,Whitefield,Indian,4.0,184,500.0,Quick Bites
Sri Sai Palace,Whitefield,Indian,3.8,88,300.0,Quick Bites
New Paratha Corner,Whitefield,Indian,3.9,176,350.0,Quick Bites
Zeee's,Whitefield,Indian,3.7,34,300.0,Quick Bites
Andal Mess,Whitefield,Indian,3.6,24,300.0,Quick Bites
Mangalore Lunch Home,Whitefield,Indian,3.5,11,300.0,Quick Bites
Foodies Delight,Whitefield,Indian,3.8,184,400.0,Quick Bites
New Udupi Delicacy,Whitefield,Indian,3.9,91,250.0,Quick Bites
Delhi Walle,Whitefield,Indian,3.7,118,300.0,Quick Bites
Delhi Mahal,Whitefield,Indian,3.1,114,400.0,Quick Bites
Vijayas Biryani Palace,Whitefield,Indian,3.8,36,400.0,Quick Bites
Krutunga Restaurant,Whitefield,Indian,3.0,52,400.0,Quick Bites
Kamat Yatrinivas,Whitefield,Indian,3.0,241,500.0,Quick Bites
Mother's Food,Whitefield,Indian,3.8,63,200.0,Quick Bites
Petuk,Whitefield,Indian,3.7,79,400.0,Quick Bites
Maa Durga Restaurant,Whitefield,Indian,3.2,4,300.0,Quick Bites
Vegtaurant,Whitefield,Indian,3.7,88,300.0,Quick Bites
Nandi Mess - Feel Like Mom's,Whitefield,Indian,3.7,31,250.0,Quick Bites
Pot Biryani,Whitefield,Indian,3.1,113,600.0,Quick Bites
Night Diaries,Whitefield,Indian,3.1,16,300.0,Quick Bites
Taste Of India Family Restaurant,Whitefield,Indian,3.2,232,400.0,Quick Bites
Kabab Mirchi,Whitefield,Indian,3.5,46,350.0,Quick Bites
Andhra Ghumaghumalu,Whitefield,Indian,3.5,18,300.0,Quick Bites
Grill Point,Whitefield,Indian,2.9,30,500.0,Quick Bites
nu.tree,Whitefield,Indian,4.2,52,400.0,Quick Bites
Mothi Restaurant,Whitefield,Indian,3.7,64,350.0,Quick Bites
Nisarga Restaurant,Whitefield,Indian,3.4,6,300.0,Quick Bites
Shan-e-Punjabi Express,Whitefield,Indian,3.1,76,400.0,Quick Bites
RoadHouse Grill,Whitefield,Indian,3.8,99,450.0,Quick Bites
Rafoo Chakkar,Whitefield,Indian,3.9,386,300.0,Quick Bites
Friend's Own,Whitefield,Indian,3.2,55,300.0,Quick Bites
Apna Hotel,Whitefield,Indian,3.5,26,300.0,Quick Bites
Madurai Idly Shop,Whitefield,Indian,2.9,141,200.0,Quick Bites
Shyam's Lunch Box,Whitefield,Indian,3.2,9,300.0,Quick Bites
Windy- Taste Of Home,Whitefield,Indian,3.6,112,300.0,Quick Bites
Mayura Vybhava,Whitefield,Indian,3.1,12,250.0,Quick Bites
eat.fit,Whitefield,Indian,3.6,10,300.0,Quick Bites
Delhi Restaurant,Whitefield,Indian,3.6,196,350.0,Quick Bites
Udupi Cafe,Whitefield,Indian,3.6,12,300.0,Quick Bites
Biriyani Section,Whitefield,Indian,3.7,28,300.0,Quick Bites
BHR Foods,Whitefield,Indian,3.4,7,350.0,Quick Bites
Abhiruchi Restaurant,Whitefield,Indian,3.7,173,550.0,Quick Bites
Swadishta,Whitefield,Indian,3.4,7,200.0,Quick Bites
Reddy's Restaurant,Whitefield,Indian,3.1,35,400.0,Quick Bites
The IT Crowd,Whitefield,Indian,2.8,20,400.0,Quick Bites
Punjabi Kitchen,Whitefield,Indian,2.8,68,500.0,Quick Bites
Kaka Food Corner,Whitefield,Indian,3.4,89,300.0,Quick Bites
Desi Doze,Whitefield,Indian,3.8,147,400.0,Quick Bites
Yumatos,Whitefield,Indian,3.4,8,500.0,Quick Bites
Sree Krishna Kafe,Whitefield,Indian,3.7,55,200.0,Quick Bites
Best In Klass,Whitefield,Indian,3.2,47,200.0,Quick Bites
Desi Bytes,Whitefield,Indian,2.9,62,450.0,Quick Bites
Basaveshwara Kanawali,Whitefield,Indian,3.5,13,250.0,Quick Bites
Covai Cafe,Whitefield,Indian,3.6,17,200.0,Quick Bites
We Foodie,Whitefield,Indian,2.6,21,300.0,Quick Bites
Hotel Uttam Sagar,Whitefield,Indian,3.6,7,400.0,Quick Bites
Foodishq,Whitefield,Indian,3.7,72,450.0,Quick Bites
Curries And Pickles,Whitefield,Indian,2.8,28,400.0,Quick Bites
Basmati Restaurant,Whitefield,Indian,3.4,23,350.0,Quick Bites
Sri Lakshmi Hotel,Whitefield,Indian,3.4,7,250.0,Quick Bites
Punjab Di Rasoi,Whitefield,Indian,3.3,5,400.0,Quick Bites
Tandooriwala,Whitefield,Indian,2.7,24,700.0,"Food Court, Quick Bites"
Hoodi Baba A Str-eat Caff,Whitefield,Indian,3.7,38,300.0,Quick Bites
Spicy Andhra,Whitefield,Indian,3.2,4,500.0,Quick Bites
Ammi's Biryani,Whitefield,Indian,2.5,131,500.0,Quick Bites
Tadka Punjabi Restaurant,Whitefield,Indian,3.3,9,300.0,Quick Bites
NYS Kitchen,Whitefield,Indian,3.6,25,500.0,Quick Bites
F5,Whitefield,Indian,3.2,4,300.0,Quick Bites
Srinidhi Sagar,Whitefield,Indian,3.7,53,300.0,Quick Bites
The Village Restaurant,Whitefield,Indian,3.0,9,200.0,Quick Bites
Maa Bargabhima Restaurant,Whitefield,Indian,3.7,19,250.0,Quick Bites
New Udupi Upahar,Whitefield,Indian,3.6,18,300.0,Quick Bites
Hotel Royal Darbar,Whitefield,Indian,3.4,13,400.0,Quick Bites
Hotel Nisarga Restaurant,Whitefield,Indian,3.2,6,300.0,Quick Bites
Golden Food Palace,Whitefield,Indian,2.9,18,450.0,Quick Bites
PMR Restaurant,Whitefield,Indian,3.3,4,300.0,Quick Bites
Nawabi Handi,Whitefield,Indian,3.4,23,350.0,Quick Bites
Siddharth Restaurant,Whitefield,Indian,3.6,33,400.0,Quick Bites
Nawab-E-Khana,Whitefield,Indian,3.1,6,500.0,Quick Bites
Food Paradise,Whitefield,Indian,3.3,12,500.0,Quick Bites
Hangout Junction,Whitefield,Indian,3.6,28,400.0,Quick Bites
Swad Rajasthani Bhojanalaya,Whitefield,Indian,3.1,7,400.0,Quick Bites
Black Pagoda,Whitefield,Indian,2.9,11,300.0,Quick Bites
Food Xpress,Whitefield,Indian,3.4,10,400.0,Quick Bites
Delhiciouss,Whitefield,Indian,3.7,24,300.0,Quick Bites
Udupi Grand,Whitefield,Indian,2.9,203,450.0,Quick Bites
Food Dig,Whitefield,Indian,3.5,13,150.0,Quick Bites
Ande Ka Funda,Whitefield,Indian,3.1,8,250.0,Quick Bites
Ishwaryam,Whitefield,Indian,3.5,8,250.0,Quick Bites
Hungry Wok,Whitefield,Indian,3.3,5,400.0,Quick Bites
Sri Udupi Grand,Whitefield,Indian,3.3,4,200.0,Quick Bites
Mad Kitchen,Whitefield,Indian,3.3,6,300.0,Quick Bites
New Taj Darbar,Whitefield,Indian,3.1,6,300.0,Quick Bites
Desi Khana,Whitefield,Indian,3.3,10,300.0,Quick Bites
U.P. Dhaba,Whitefield,Indian,2.8,515,350.0,Quick Bites
The South,Whitefield,Indian,3.7,21,200.0,Quick Bites
Aryan's Kitchen,Whitefield,Indian,3.1,97,500.0,Quick Bites
Calcutta North Indian Meals,Whitefield,Indian,3.2,5,200.0,Quick Bites
Punjabi Family Dhaba,Whitefield,Indian,3.4,11,400.0,Quick Bites
Curry Point,Whitefield,Indian,3.2,7,300.0,Quick Bites
Indian Aroma Cafe,Whitefield,Indian,2.8,84,300.0,Quick Bites
